grupos,Producto,efectividad
10.10.10,Producto A,0.733755365
10.10.10,Producto B,0.316532361
10.10.10,Producto C,0.674653951
10.10.9,Producto A,0.706972428
10.10.9,Producto B,0.044880217
10.10.9,Producto C,0.865136413
10.10.8,Producto A,0.182822049
10.10.8,Producto B,0.152134969
10.10.8,Producto C,0.681923048
10.10.7,Producto A,0.535319099
10.10.7,Producto B,0.512966337
10.10.7,Producto C,0.11679936
10.10.6,Producto A,0.064294278
10.10.6,Producto B,0.499696373
10.10.6,Producto C,0.648002234
10.10.5,Producto A,0.226339362
10.10.5,Producto B,0.275066399
10.10.5,Producto C,0.581142306
10.10.4,Producto A,0.274027674
10.10.4,Producto B,0.550264481
10.10.4,Producto C,0.8176973
10.10.3,Producto A,0.604237152
10.10.3,Producto B,0.320970561
10.10.3,Producto C,0.365341869
10.10.2,Producto A,0.023095888
10.10.2,Producto B,0.306998304
10.10.2,Producto C,0.4727506
10.10.1,Producto A,0.092798683
10.10.1,Producto B,0.826009907
10.10.1,Producto C,0.365423067
10.9.10,Producto A,0.855940749
10.9.10,Producto B,0.687308339
10.9.10,Producto C,0.221026015
10.9.9,Producto A,0.608422491
10.9.9,Producto B,0.346722167
10.9.9,Producto C,0.022116504
10.9.8,Producto A,0.158578487
10.9.8,Producto B,0.397645117
10.9.8,Producto C,0.305848296
10.9.7,Producto A,0.474661498
10.9.7,Producto B,0.682719076
10.9.7,Producto C,0.492298165
10.9.6,Producto A,0.25326574
10.9.6,Producto B,0.863335707
10.9.6,Producto C,0.076266995
10.9.5,Producto A,0.828225619
10.9.5,Producto B,0.067299394
10.9.5,Producto C,0.736814206
10.9.4,Producto A,0.391341289
10.9.4,Producto B,0.804019539
10.9.4,Producto C,0.816381967
10.9.3,Producto A,0.561994651
10.9.3,Producto B,0.937353684
10.9.3,Producto C,0.063051955
10.9.2,Producto A,0.362022205
10.9.2,Producto B,0.513189155
10.9.2,Producto C,0.133985233
10.9.1,Producto A,0.222103298
10.9.1,Producto B,0.295202205
10.9.1,Producto C,0.553301865
10.8.10,Producto A,0.795469031
10.8.10,Producto B,0.315745928
10.8.10,Producto C,0.284769384
10.8.9,Producto A,0.931437437
10.8.9,Producto B,0.685711106
10.8.9,Producto C,0.777883783
10.8.8,Producto A,0.667538683
10.8.8,Producto B,0.759043303
10.8.8,Producto C,0.049032647
10.8.7,Producto A,0.065539342
10.8.7,Producto B,0.271844339
10.8.7,Producto C,0.073565714
10.8.6,Producto A,0.090992319
10.8.6,Producto B,0.233603647
10.8.6,Producto C,0.943952275
10.8.5,Producto A,0.920054756
10.8.5,Producto B,0.518408584
10.8.5,Producto C,0.940653454
10.8.4,Producto A,0.017864642
10.8.4,Producto B,0.47229288
10.8.4,Producto C,0.326624405
10.8.3,Producto A,0.990855494
10.8.3,Producto B,0.989676863
10.8.3,Producto C,0.685180262
10.8.2,Producto A,0.833287322
10.8.2,Producto B,0.860267304
10.8.2,Producto C,0.653179564
10.8.1,Producto A,0.868282785
10.8.1,Producto B,0.663097925
10.8.1,Producto C,0.154942204
10.7.10,Producto A,0.531340489
10.7.10,Producto B,0.65950349
10.7.10,Producto C,0.373969777
10.7.9,Producto A,0.969744235
10.7.9,Producto B,0.025986144
10.7.9,Producto C,0.474107571
10.7.8,Producto A,0.083271626
10.7.8,Producto B,0.754656661
10.7.8,Producto C,0.823075484
10.7.7,Producto A,0.105243783
10.7.7,Producto B,0.897254287
10.7.7,Producto C,0.412705132
10.7.6,Producto A,0.469626041
10.7.6,Producto B,0.776181781
10.7.6,Producto C,0.977331876
10.7.5,Producto A,0.344013968
10.7.5,Producto B,0.558703567
10.7.5,Producto C,0.469090942
10.7.4,Producto A,0.870985741
10.7.4,Producto B,0.325905976
10.7.4,Producto C,0.056748467
10.7.3,Producto A,0.590755405
10.7.3,Producto B,0.774601378
10.7.3,Producto C,0.023189682
10.7.2,Producto A,0.037832335
10.7.2,Producto B,0.878982814
10.7.2,Producto C,0.944593535
10.7.1,Producto A,0.690059177
10.7.1,Producto B,0.53413995
10.7.1,Producto C,0.390511324
10.6.10,Producto A,0.785859231
10.6.10,Producto B,0.51668421
10.6.10,Producto C,0.46240759
10.6.9,Producto A,0.569898628
10.6.9,Producto B,0.378027858
10.6.9,Producto C,0.917947538
10.6.8,Producto A,0.085099985
10.6.8,Producto B,0.129419387
10.6.8,Producto C,0.371197646
10.6.7,Producto A,0.644751631
10.6.7,Producto B,0.242753067
10.6.7,Producto C,0.477916607
10.6.6,Producto A,0.867554805
10.6.6,Producto B,0.50592633
10.6.6,Producto C,0.262979045
10.6.5,Producto A,0.575299004
10.6.5,Producto B,0.70589136
10.6.5,Producto C,0.830132884
10.6.4,Producto A,0.751248844
10.6.4,Producto B,0.819708011
10.6.4,Producto C,0.798111319
10.6.3,Producto A,0.623906817
10.6.3,Producto B,0.138932162
10.6.3,Producto C,0.825944229
10.6.2,Producto A,0.306625718
10.6.2,Producto B,0.989573148
10.6.2,Producto C,0.235497711
10.6.1,Producto A,0.288244798
10.6.1,Producto B,0.683256881
10.6.1,Producto C,0.538335768
10.5.10,Producto A,0.925633805
10.5.10,Producto B,0.339636754
10.5.10,Producto C,0.724472724
10.5.9,Producto A,0.62472779
10.5.9,Producto B,0.160831277
10.5.9,Producto C,0.971151626
10.5.8,Producto A,0.782689333
10.5.8,Producto B,0.318723829
10.5.8,Producto C,0.996868036
10.5.7,Producto A,0.786561722
10.5.7,Producto B,0.825691906
10.5.7,Producto C,0.17204752
10.5.6,Producto A,0.625579504
10.5.6,Producto B,0.151425933
10.5.6,Producto C,0.046342331
10.5.5,Producto A,0.871422907
10.5.5,Producto B,0.509989114
10.5.5,Producto C,0.645951532
10.5.4,Producto A,0.440055035
10.5.4,Producto B,0.496601378
10.5.4,Producto C,0.418326609
10.5.3,Producto A,0.617625557
10.5.3,Producto B,0.005319377
10.5.3,Producto C,0.183831353
10.5.2,Producto A,0.939867921
10.5.2,Producto B,0.769784112
10.5.2,Producto C,0.320585337
10.5.1,Producto A,0.539498793
10.5.1,Producto B,0.055094278
10.5.1,Producto C,0.917942871
10.4.10,Producto A,0.67551032
10.4.10,Producto B,0.16999818
10.4.10,Producto C,0.643204631
10.4.9,Producto A,0.433195987
10.4.9,Producto B,0.133028745
10.4.9,Producto C,0.761353808
10.4.8,Producto A,0.076426185
10.4.8,Producto B,0.51286783
10.4.8,Producto C,0.561391671
10.4.7,Producto A,0.194017944
10.4.7,Producto B,0.737262732
10.4.7,Producto C,0.56035549
10.4.6,Producto A,0.870586623
10.4.6,Producto B,0.71113319
10.4.6,Producto C,0.004709026
10.4.5,Producto A,0.76324711
10.4.5,Producto B,0.303874192
10.4.5,Producto C,0.040173466
10.4.4,Producto A,0.442957846
10.4.4,Producto B,0.617884687
10.4.4,Producto C,0.311657678
10.4.3,Producto A,0.77042394
10.4.3,Producto B,0.224013374
10.4.3,Producto C,0.696316919
10.4.2,Producto A,0.314872787
10.4.2,Producto B,0.740259419
10.4.2,Producto C,0.1265274
10.4.1,Producto A,0.289926167
10.4.1,Producto B,0.747465388
10.4.1,Producto C,0.420658435
10.3.10,Producto A,0.609881439
10.3.10,Producto B,0.538327353
10.3.10,Producto C,0.761023527
10.3.9,Producto A,0.231908693
10.3.9,Producto B,0.071672944
10.3.9,Producto C,0.810478035
10.3.8,Producto A,0.929125135
10.3.8,Producto B,0.667108136
10.3.8,Producto C,0.756233478
10.3.7,Producto A,0.246691299
10.3.7,Producto B,0.884666061
10.3.7,Producto C,0.995410078
10.3.6,Producto A,0.851645059
10.3.6,Producto B,0.435397225
10.3.6,Producto C,0.613388745
10.3.5,Producto A,0.440786726
10.3.5,Producto B,0.808172881
10.3.5,Producto C,0.578016518
10.3.4,Producto A,0.703287141
10.3.4,Producto B,0.702226643
10.3.4,Producto C,0.02412884
10.3.3,Producto A,0.997179466
10.3.3,Producto B,0.152900139
10.3.3,Producto C,0.727589902
10.3.2,Producto A,0.704283414
10.3.2,Producto B,0.207810211
10.3.2,Producto C,0.444913749
10.3.1,Producto A,0.801213785
10.3.1,Producto B,0.961052282
10.3.1,Producto C,0.389319187
10.2.10,Producto A,0.256027105
10.2.10,Producto B,0.03210567
10.2.10,Producto C,0.155394669
10.2.9,Producto A,0.08003382
10.2.9,Producto B,0.12429629
10.2.9,Producto C,0.079530113
10.2.8,Producto A,0.671014048
10.2.8,Producto B,0.799632415
10.2.8,Producto C,0.997026165
10.2.7,Producto A,0.622000887
10.2.7,Producto B,0.525833495
10.2.7,Producto C,0.340106001
10.2.6,Producto A,0.490585883
10.2.6,Producto B,0.358088812
10.2.6,Producto C,0.418269518
10.2.5,Producto A,0.166133766
10.2.5,Producto B,0.343418903
10.2.5,Producto C,0.742716543
10.2.4,Producto A,0.330355546
10.2.4,Producto B,0.009182623
10.2.4,Producto C,0.534802765
10.2.3,Producto A,0.167285023
10.2.3,Producto B,0.257416383
10.2.3,Producto C,0.696856738
10.2.2,Producto A,0.038001739
10.2.2,Producto B,0.507410753
10.2.2,Producto C,0.267050898
10.2.1,Producto A,0.913899887
10.2.1,Producto B,0.611010893
10.2.1,Producto C,0.330466737
10.1.10,Producto A,0.044529817
10.1.10,Producto B,0.67369436
10.1.10,Producto C,0.824143547
10.1.9,Producto A,0.542292706
10.1.9,Producto B,0.634890171
10.1.9,Producto C,0.434746556
10.1.8,Producto A,0.864031046
10.1.8,Producto B,0.882322566
10.1.8,Producto C,0.491744701
10.1.7,Producto A,0.28223099
10.1.7,Producto B,0.32671001
10.1.7,Producto C,0.605960027
10.1.6,Producto A,0.833780593
10.1.6,Producto B,0.415759773
10.1.6,Producto C,0.190870644
10.1.5,Producto A,0.964689158
10.1.5,Producto B,0.497465248
10.1.5,Producto C,0.834933881
10.1.4,Producto A,0.510373737
10.1.4,Producto B,0.660103463
10.1.4,Producto C,0.53433273
10.1.3,Producto A,0.802702913
10.1.3,Producto B,0.883994939
10.1.3,Producto C,0.36109975
10.1.2,Producto A,0.056719385
10.1.2,Producto B,0.984740991
10.1.2,Producto C,0.99266009
10.1.1,Producto A,0.003539051
10.1.1,Producto B,0.293016228
10.1.1,Producto C,0.064052964
9.10.10,Producto A,0.786335139
9.10.10,Producto B,0.835975557
9.10.10,Producto C,0.586162396
9.10.9,Producto A,0.734206078
9.10.9,Producto B,0.843827921
9.10.9,Producto C,0.712497339
9.10.8,Producto A,0.846558486
9.10.8,Producto B,0.931419559
9.10.8,Producto C,0.700334619
9.10.7,Producto A,0.523579845
9.10.7,Producto B,0.247616418
9.10.7,Producto C,0.663565444
9.10.6,Producto A,0.997874874
9.10.6,Producto B,0.786389253
9.10.6,Producto C,0.687955506
9.10.5,Producto A,0.055190586
9.10.5,Producto B,0.202519455
9.10.5,Producto C,0.665140883
9.10.4,Producto A,0.427894774
9.10.4,Producto B,0.054479169
9.10.4,Producto C,0.620443647
9.10.3,Producto A,0.378591648
9.10.3,Producto B,0.754351703
9.10.3,Producto C,0.030652011
9.10.2,Producto A,0.156133466
9.10.2,Producto B,0.633263927
9.10.2,Producto C,0.942812348
9.10.1,Producto A,0.302000978
9.10.1,Producto B,0.552837258
9.10.1,Producto C,0.876042702
9.9.10,Producto A,0.866621503
9.9.10,Producto B,0.724450119
9.9.10,Producto C,0.067746739
9.9.9,Producto A,0.410133452
9.9.9,Producto B,0.847724816
9.9.9,Producto C,0.648668954
9.9.8,Producto A,0.346122426
9.9.8,Producto B,0.555575459
9.9.8,Producto C,0.953615384
9.9.7,Producto A,0.76340956
9.9.7,Producto B,0.723200193
9.9.7,Producto C,0.183585519
9.9.6,Producto A,0.083763245
9.9.6,Producto B,0.701975959
9.9.6,Producto C,0.524479443
9.9.5,Producto A,0.936188446
9.9.5,Producto B,0.036310033
9.9.5,Producto C,0.289947956
9.9.4,Producto A,0.473247188
9.9.4,Producto B,0.5785628
9.9.4,Producto C,0.542040681
9.9.3,Producto A,0.042335115
9.9.3,Producto B,0.083596838
9.9.3,Producto C,0.685669942
9.9.2,Producto A,0.14793629
9.9.2,Producto B,0.890426668
9.9.2,Producto C,0.608228194
9.9.1,Producto A,0.777975941
9.9.1,Producto B,0.99120857
9.9.1,Producto C,0.757714244
9.8.10,Producto A,0.256041877
9.8.10,Producto B,0.825889176
9.8.10,Producto C,0.804455571
9.8.9,Producto A,0.951376063
9.8.9,Producto B,0.596546116
9.8.9,Producto C,0.607611227
9.8.8,Producto A,0.343980342
9.8.8,Producto B,0.175581158
9.8.8,Producto C,0.004555286
9.8.7,Producto A,0.489369795
9.8.7,Producto B,0.795537725
9.8.7,Producto C,0.772104529
9.8.6,Producto A,0.728655063
9.8.6,Producto B,0.762023214
9.8.6,Producto C,0.197293822
9.8.5,Producto A,0.05152004
9.8.5,Producto B,0.439198521
9.8.5,Producto C,0.244556096
9.8.4,Producto A,0.424017311
9.8.4,Producto B,0.291159014
9.8.4,Producto C,0.48176001
9.8.3,Producto A,0.504136037
9.8.3,Producto B,0.829938399
9.8.3,Producto C,0.021067062
9.8.2,Producto A,0.061819492
9.8.2,Producto B,0.933611806
9.8.2,Producto C,0.769716986
9.8.1,Producto A,0.684955535
9.8.1,Producto B,0.323564918
9.8.1,Producto C,0.416844025
9.7.10,Producto A,0.38690443
9.7.10,Producto B,0.797937166
9.7.10,Producto C,0.622441576
9.7.9,Producto A,0.932439357
9.7.9,Producto B,0.897906113
9.7.9,Producto C,0.082294019
9.7.8,Producto A,0.096684283
9.7.8,Producto B,0.319937972
9.7.8,Producto C,0.987706479
9.7.7,Producto A,0.573763006
9.7.7,Producto B,0.915795857
9.7.7,Producto C,0.53095075
9.7.6,Producto A,0.834211185
9.7.6,Producto B,0.586043676
9.7.6,Producto C,0.389255839
9.7.5,Producto A,0.690871582
9.7.5,Producto B,0.211683106
9.7.5,Producto C,0.605127187
9.7.4,Producto A,0.142059031
9.7.4,Producto B,0.959648056
9.7.4,Producto C,0.09407563
9.7.3,Producto A,0.006955341
9.7.3,Producto B,0.899733867
9.7.3,Producto C,0.238910164
9.7.2,Producto A,0.781113198
9.7.2,Producto B,0.650524459
9.7.2,Producto C,0.335997842
9.7.1,Producto A,0.695154995
9.7.1,Producto B,0.231484062
9.7.1,Producto C,0.08562185
9.6.10,Producto A,0.779306708
9.6.10,Producto B,0.728896699
9.6.10,Producto C,0.447163194
9.6.9,Producto A,0.794631634
9.6.9,Producto B,0.467005944
9.6.9,Producto C,0.541971731
9.6.8,Producto A,0.360389227
9.6.8,Producto B,0.81367074
9.6.8,Producto C,0.873725645
9.6.7,Producto A,0.278898549
9.6.7,Producto B,0.292957624
9.6.7,Producto C,0.659696854
9.6.6,Producto A,0.944689476
9.6.6,Producto B,0.389700092
9.6.6,Producto C,0.880100841
9.6.5,Producto A,0.791396585
9.6.5,Producto B,0.499634843
9.6.5,Producto C,0.624555268
9.6.4,Producto A,0.616776854
9.6.4,Producto B,0.522574067
9.6.4,Producto C,0.678213117
9.6.3,Producto A,0.347965195
9.6.3,Producto B,0.818620891
9.6.3,Producto C,0.923689415
9.6.2,Producto A,0.216992949
9.6.2,Producto B,0.563293469
9.6.2,Producto C,0.487902696
9.6.1,Producto A,0.146731888
9.6.1,Producto B,0.004008709
9.6.1,Producto C,0.718378515
9.5.10,Producto A,0.477396918
9.5.10,Producto B,0.028539165
9.5.10,Producto C,0.967494008
9.5.9,Producto A,0.075047191
9.5.9,Producto B,0.908533426
9.5.9,Producto C,0.921444833
9.5.8,Producto A,0.862943899
9.5.8,Producto B,0.972754086
9.5.8,Producto C,0.194064473
9.5.7,Producto A,0.757898698
9.5.7,Producto B,0.551087648
9.5.7,Producto C,0.84537557
9.5.6,Producto A,0.930047276
9.5.6,Producto B,0.147058377
9.5.6,Producto C,0.350881983
9.5.5,Producto A,0.122412273
9.5.5,Producto B,0.695728237
9.5.5,Producto C,0.078586522
9.5.4,Producto A,0.894626622
9.5.4,Producto B,0.301303757
9.5.4,Producto C,0.748543171
9.5.3,Producto A,0.74786919
9.5.3,Producto B,0.15224187
9.5.3,Producto C,0.937157652
9.5.2,Producto A,0.247502051
9.5.2,Producto B,0.374617048
9.5.2,Producto C,0.605498313
9.5.1,Producto A,0.099392885
9.5.1,Producto B,0.845948507
9.5.1,Producto C,0.628510051
9.4.10,Producto A,0.864251561
9.4.10,Producto B,0.934168841
9.4.10,Producto C,0.474911624
9.4.9,Producto A,0.915037204
9.4.9,Producto B,0.540428518
9.4.9,Producto C,0.079062729
9.4.8,Producto A,0.507358677
9.4.8,Producto B,0.759599529
9.4.8,Producto C,0.334218536
9.4.7,Producto A,0.852667026
9.4.7,Producto B,0.004425163
9.4.7,Producto C,0.224745074
9.4.6,Producto A,0.554733259
9.4.6,Producto B,0.862166169
9.4.6,Producto C,0.883090748
9.4.5,Producto A,0.194414351
9.4.5,Producto B,0.860993994
9.4.5,Producto C,0.856331121
9.4.4,Producto A,0.222897109
9.4.4,Producto B,0.057606426
9.4.4,Producto C,0.23539099
9.4.3,Producto A,0.820540163
9.4.3,Producto B,0.13169769
9.4.3,Producto C,0.37496584
9.4.2,Producto A,0.205036739
9.4.2,Producto B,0.399635571
9.4.2,Producto C,0.647489889
9.4.1,Producto A,0.757045679
9.4.1,Producto B,0.450108361
9.4.1,Producto C,0.774588183
9.3.10,Producto A,0.840059048
9.3.10,Producto B,0.428188692
9.3.10,Producto C,0.516196191
9.3.9,Producto A,0.0615494
9.3.9,Producto B,0.820238398
9.3.9,Producto C,0.057869014
9.3.8,Producto A,0.144273061
9.3.8,Producto B,0.664503617
9.3.8,Producto C,0.790686015
9.3.7,Producto A,0.035692817
9.3.7,Producto B,0.558805291
9.3.7,Producto C,0.915505056
9.3.6,Producto A,0.46980451
9.3.6,Producto B,0.490342838
9.3.6,Producto C,0.302289621
9.3.5,Producto A,0.042669859
9.3.5,Producto B,0.030139036
9.3.5,Producto C,0.943201237
9.3.4,Producto A,0.960938002
9.3.4,Producto B,0.804441506
9.3.4,Producto C,0.770788026
9.3.3,Producto A,0.763333212
9.3.3,Producto B,0.022821839
9.3.3,Producto C,0.868313135
9.3.2,Producto A,0.734025942
9.3.2,Producto B,0.210881124
9.3.2,Producto C,0.409820659
9.3.1,Producto A,0.770055242
9.3.1,Producto B,0.601141829
9.3.1,Producto C,0.872342728
9.2.10,Producto A,0.287884638
9.2.10,Producto B,0.57235042
9.2.10,Producto C,0.784196345
9.2.9,Producto A,0.823322943
9.2.9,Producto B,0.420822276
9.2.9,Producto C,0.672750769
9.2.8,Producto A,0.543700504
9.2.8,Producto B,0.563181884
9.2.8,Producto C,0.654643586
9.2.7,Producto A,0.779688163
9.2.7,Producto B,0.174021767
9.2.7,Producto C,0.976664381
9.2.6,Producto A,0.044768795
9.2.6,Producto B,0.945307905
9.2.6,Producto C,0.146631434
9.2.5,Producto A,0.940456898
9.2.5,Producto B,0.6965192
9.2.5,Producto C,0.588517341
9.2.4,Producto A,0.943737342
9.2.4,Producto B,0.827059095
9.2.4,Producto C,0.952290044
9.2.3,Producto A,0.073345945
9.2.3,Producto B,0.764473601
9.2.3,Producto C,0.21603388
9.2.2,Producto A,0.404736087
9.2.2,Producto B,0.722224619
9.2.2,Producto C,0.737712226
9.2.1,Producto A,0.0627153
9.2.1,Producto B,0.126254422
9.2.1,Producto C,0.726531776
9.1.10,Producto A,0.349610976
9.1.10,Producto B,0.005926534
9.1.10,Producto C,0.79726643
9.1.9,Producto A,0.45390158
9.1.9,Producto B,0.755383198
9.1.9,Producto C,0.44413294
9.1.8,Producto A,0.79976094
9.1.8,Producto B,0.675202404
9.1.8,Producto C,0.397345938
9.1.7,Producto A,0.748664257
9.1.7,Producto B,0.798690594
9.1.7,Producto C,0.472658519
9.1.6,Producto A,0.256822613
9.1.6,Producto B,0.12758439
9.1.6,Producto C,0.472660758
9.1.5,Producto A,0.669869014
9.1.5,Producto B,0.018579434
9.1.5,Producto C,0.461652588
9.1.4,Producto A,0.579795213
9.1.4,Producto B,0.293104223
9.1.4,Producto C,0.252903731
9.1.3,Producto A,0.102093097
9.1.3,Producto B,0.130933501
9.1.3,Producto C,0.522511494
9.1.2,Producto A,0.230119815
9.1.2,Producto B,0.752608932
9.1.2,Producto C,0.288233958
9.1.1,Producto A,0.78364385
9.1.1,Producto B,0.482500767
9.1.1,Producto C,0.525709351
8.10.10,Producto A,0.744556478
8.10.10,Producto B,0.939779023
8.10.10,Producto C,0.517168896
8.10.9,Producto A,0.00345426
8.10.9,Producto B,0.571521117
8.10.9,Producto C,0.317697693
8.10.8,Producto A,0.25734506
8.10.8,Producto B,0.329333823
8.10.8,Producto C,0.920427987
8.10.7,Producto A,0.078848516
8.10.7,Producto B,0.087123216
8.10.7,Producto C,0.66180676
8.10.6,Producto A,0.897511159
8.10.6,Producto B,0.589638979
8.10.6,Producto C,0.633494319
8.10.5,Producto A,0.593147444
8.10.5,Producto B,0.167660276
8.10.5,Producto C,0.429942126
8.10.4,Producto A,0.380917344
8.10.4,Producto B,0.509874091
8.10.4,Producto C,0.657003942
8.10.3,Producto A,0.763755616
8.10.3,Producto B,0.798869176
8.10.3,Producto C,0.288857835
8.10.2,Producto A,0.258116787
8.10.2,Producto B,0.292443175
8.10.2,Producto C,0.007348628
8.10.1,Producto A,0.200042261
8.10.1,Producto B,0.47182515
8.10.1,Producto C,0.103537486
8.9.10,Producto A,0.163104699
8.9.10,Producto B,0.851806546
8.9.10,Producto C,0.768448455
8.9.9,Producto A,0.890343779
8.9.9,Producto B,0.499487175
8.9.9,Producto C,0.743955935
8.9.8,Producto A,0.921535428
8.9.8,Producto B,0.732150514
8.9.8,Producto C,0.14581093
8.9.7,Producto A,0.005180295
8.9.7,Producto B,0.898296996
8.9.7,Producto C,0.88828029
8.9.6,Producto A,0.45360637
8.9.6,Producto B,0.507317164
8.9.6,Producto C,0.935238258
8.9.5,Producto A,0.63007188
8.9.5,Producto B,0.333067585
8.9.5,Producto C,0.387029331
8.9.4,Producto A,0.358887706
8.9.4,Producto B,0.397820347
8.9.4,Producto C,0.577940227
8.9.3,Producto A,0.281944435
8.9.3,Producto B,0.69834001
8.9.3,Producto C,0.019868659
8.9.2,Producto A,0.725995734
8.9.2,Producto B,0.70675727
8.9.2,Producto C,0.737216835
8.9.1,Producto A,0.913869817
8.9.1,Producto B,0.953884719
8.9.1,Producto C,0.069635211
8.8.10,Producto A,0.126732574
8.8.10,Producto B,0.354001405
8.8.10,Producto C,0.680583479
8.8.9,Producto A,0.392500252
8.8.9,Producto B,0.439365478
8.8.9,Producto C,0.832188907
8.8.8,Producto A,0.742962475
8.8.8,Producto B,0.076091955
8.8.8,Producto C,0.404248615
8.8.7,Producto A,0.047734647
8.8.7,Producto B,0.510309139
8.8.7,Producto C,0.385521002
8.8.6,Producto A,0.872579863
8.8.6,Producto B,0.244633969
8.8.6,Producto C,0.106435983
8.8.5,Producto A,0.260621325
8.8.5,Producto B,0.916679988
8.8.5,Producto C,0.452716165
8.8.4,Producto A,0.874792066
8.8.4,Producto B,0.64011973
8.8.4,Producto C,0.335149853
8.8.3,Producto A,0.59934162
8.8.3,Producto B,0.540526903
8.8.3,Producto C,0.896081663
8.8.2,Producto A,0.780893547
8.8.2,Producto B,0.963216863
8.8.2,Producto C,0.187149562
8.8.1,Producto A,0.27352704
8.8.1,Producto B,0.760647028
8.8.1,Producto C,0.404191746
8.7.10,Producto A,0.120507181
8.7.10,Producto B,0.361355794
8.7.10,Producto C,0.636764826
8.7.9,Producto A,0.912374114
8.7.9,Producto B,0.62765066
8.7.9,Producto C,0.592418955
8.7.8,Producto A,0.211340286
8.7.8,Producto B,0.902383942
8.7.8,Producto C,0.366520645
8.7.7,Producto A,0.855029075
8.7.7,Producto B,0.966618124
8.7.7,Producto C,0.431596575
8.7.6,Producto A,0.598800187
8.7.6,Producto B,0.061513587
8.7.6,Producto C,0.711543145
8.7.5,Producto A,0.702405204
8.7.5,Producto B,0.224366402
8.7.5,Producto C,0.905677767
8.7.4,Producto A,0.651158578
8.7.4,Producto B,0.205348087
8.7.4,Producto C,0.546459705
8.7.3,Producto A,0.424093105
8.7.3,Producto B,0.993641554
8.7.3,Producto C,0.669642533
8.7.2,Producto A,0.957837705
8.7.2,Producto B,0.246155209
8.7.2,Producto C,0.229911103
8.7.1,Producto A,0.951902941
8.7.1,Producto B,0.344815777
8.7.1,Producto C,0.045893666
8.6.10,Producto A,0.025137601
8.6.10,Producto B,0.467664453
8.6.10,Producto C,0.059259013
8.6.9,Producto A,0.385271627
8.6.9,Producto B,0.578141562
8.6.9,Producto C,0.141360944
8.6.8,Producto A,0.900208229
8.6.8,Producto B,0.672717966
8.6.8,Producto C,0.740341455
8.6.7,Producto A,0.841670269
8.6.7,Producto B,0.965221145
8.6.7,Producto C,0.179300559
8.6.6,Producto A,0.760019697
8.6.6,Producto B,0.940471669
8.6.6,Producto C,0.905838434
8.6.5,Producto A,0.377381271
8.6.5,Producto B,0.352233089
8.6.5,Producto C,0.508783301
8.6.4,Producto A,0.746555572
8.6.4,Producto B,0.513412104
8.6.4,Producto C,0.876482228
8.6.3,Producto A,0.977686378
8.6.3,Producto B,0.506359895
8.6.3,Producto C,0.658019355
8.6.2,Producto A,0.477248742
8.6.2,Producto B,0.329922801
8.6.2,Producto C,0.80410153
8.6.1,Producto A,0.442808672
8.6.1,Producto B,0.866417661
8.6.1,Producto C,0.23608002
8.5.10,Producto A,0.000119845
8.5.10,Producto B,0.325882419
8.5.10,Producto C,0.800645905
8.5.9,Producto A,0.504696889
8.5.9,Producto B,0.631320514
8.5.9,Producto C,0.032066805
8.5.8,Producto A,0.612678623
8.5.8,Producto B,0.839901283
8.5.8,Producto C,0.352586864
8.5.7,Producto A,0.559072724
8.5.7,Producto B,0.046732421
8.5.7,Producto C,0.134656228
8.5.6,Producto A,0.041334238
8.5.6,Producto B,0.634890082
8.5.6,Producto C,0.810567586
8.5.5,Producto A,0.133730525
8.5.5,Producto B,0.672574752
8.5.5,Producto C,0.076176321
8.5.4,Producto A,0.245043621
8.5.4,Producto B,0.591133376
8.5.4,Producto C,0.49233094
8.5.3,Producto A,0.470790841
8.5.3,Producto B,0.582729056
8.5.3,Producto C,0.467042326
8.5.2,Producto A,0.772664156
8.5.2,Producto B,0.698680516
8.5.2,Producto C,0.107280583
8.5.1,Producto A,0.35741165
8.5.1,Producto B,0.942055562
8.5.1,Producto C,0.953873525
8.4.10,Producto A,0.927777148
8.4.10,Producto B,0.257872999
8.4.10,Producto C,0.341712546
8.4.9,Producto A,0.695770193
8.4.9,Producto B,0.512993242
8.4.9,Producto C,0.072992352
8.4.8,Producto A,0.396902437
8.4.8,Producto B,0.162152032
8.4.8,Producto C,0.034548447
8.4.7,Producto A,0.2433937
8.4.7,Producto B,0.32382463
8.4.7,Producto C,0.492024756
8.4.6,Producto A,0.499066536
8.4.6,Producto B,0.599452591
8.4.6,Producto C,0.764741267
8.4.5,Producto A,0.605121071
8.4.5,Producto B,0.848516838
8.4.5,Producto C,0.560060986
8.4.4,Producto A,0.326387061
8.4.4,Producto B,0.935486772
8.4.4,Producto C,0.341854425
8.4.3,Producto A,0.141587737
8.4.3,Producto B,0.426279963
8.4.3,Producto C,0.652875462
8.4.2,Producto A,0.932933067
8.4.2,Producto B,0.593450552
8.4.2,Producto C,0.443533107
8.4.1,Producto A,0.651564897
8.4.1,Producto B,0.09376263
8.4.1,Producto C,0.793993895
8.3.10,Producto A,0.328857107
8.3.10,Producto B,0.366087449
8.3.10,Producto C,0.10382509
8.3.9,Producto A,0.968158596
8.3.9,Producto B,0.390259085
8.3.9,Producto C,0.099339051
8.3.8,Producto A,0.560591945
8.3.8,Producto B,0.109010475
8.3.8,Producto C,0.086970589
8.3.7,Producto A,0.237114091
8.3.7,Producto B,0.889331967
8.3.7,Producto C,0.762234813
8.3.6,Producto A,0.958394943
8.3.6,Producto B,0.089938357
8.3.6,Producto C,0.23676201
8.3.5,Producto A,0.493066813
8.3.5,Producto B,0.713228802
8.3.5,Producto C,0.160664489
8.3.4,Producto A,0.93780141
8.3.4,Producto B,0.004411974
8.3.4,Producto C,0.757696679
8.3.3,Producto A,0.835511364
8.3.3,Producto B,0.328910158
8.3.3,Producto C,0.559255688
8.3.2,Producto A,0.138584549
8.3.2,Producto B,0.726536564
8.3.2,Producto C,0.699481497
8.3.1,Producto A,0.152207775
8.3.1,Producto B,0.395665771
8.3.1,Producto C,0.391018312
8.2.10,Producto A,0.252146246
8.2.10,Producto B,0.29783346
8.2.10,Producto C,0.367462319
8.2.9,Producto A,0.99381175
8.2.9,Producto B,0.194772784
8.2.9,Producto C,0.98777584
8.2.8,Producto A,0.117497952
8.2.8,Producto B,0.319036824
8.2.8,Producto C,0.812005222
8.2.7,Producto A,0.421808886
8.2.7,Producto B,0.576440905
8.2.7,Producto C,0.22492936
8.2.6,Producto A,0.502399844
8.2.6,Producto B,0.79788151
8.2.6,Producto C,0.351340669
8.2.5,Producto A,0.057251384
8.2.5,Producto B,0.909760484
8.2.5,Producto C,0.094490665
8.2.4,Producto A,0.381207635
8.2.4,Producto B,0.486631045
8.2.4,Producto C,0.312507404
8.2.3,Producto A,0.035432935
8.2.3,Producto B,0.361824536
8.2.3,Producto C,0.099535679
8.2.2,Producto A,0.698162723
8.2.2,Producto B,0.432443713
8.2.2,Producto C,0.428789875
8.2.1,Producto A,0.560739538
8.2.1,Producto B,0.183428933
8.2.1,Producto C,0.874057089
8.1.10,Producto A,0.145491601
8.1.10,Producto B,0.032571446
8.1.10,Producto C,0.413331329
8.1.9,Producto A,0.959893411
8.1.9,Producto B,0.595451443
8.1.9,Producto C,0.116043162
8.1.8,Producto A,0.488077138
8.1.8,Producto B,0.302340737
8.1.8,Producto C,0.872868954
8.1.7,Producto A,0.937412161
8.1.7,Producto B,0.678780811
8.1.7,Producto C,0.98252885
8.1.6,Producto A,0.763865208
8.1.6,Producto B,0.222694948
8.1.6,Producto C,0.812004354
8.1.5,Producto A,0.339801303
8.1.5,Producto B,0.548892854
8.1.5,Producto C,0.47848593
8.1.4,Producto A,0.357588517
8.1.4,Producto B,0.415093298
8.1.4,Producto C,0.775542382
8.1.3,Producto A,0.030369661
8.1.3,Producto B,0.134081485
8.1.3,Producto C,0.592072604
8.1.2,Producto A,0.580514487
8.1.2,Producto B,0.817479951
8.1.2,Producto C,0.073921163
8.1.1,Producto A,0.006993678
8.1.1,Producto B,0.939830118
8.1.1,Producto C,0.272792417
7.10.10,Producto A,0.492485852
7.10.10,Producto B,0.904113775
7.10.10,Producto C,0.984290145
7.10.9,Producto A,0.881836851
7.10.9,Producto B,0.725449608
7.10.9,Producto C,0.805455193
7.10.8,Producto A,0.360644963
7.10.8,Producto B,0.869648205
7.10.8,Producto C,0.69468971
7.10.7,Producto A,0.231487886
7.10.7,Producto B,0.047963468
7.10.7,Producto C,0.617226101
7.10.6,Producto A,0.382052691
7.10.6,Producto B,0.348501208
7.10.6,Producto C,0.046597833
7.10.5,Producto A,0.057202348
7.10.5,Producto B,0.03729304
7.10.5,Producto C,0.505269307
7.10.4,Producto A,0.943084311
7.10.4,Producto B,0.101257387
7.10.4,Producto C,0.168182914
7.10.3,Producto A,0.845993328
7.10.3,Producto B,0.428974902
7.10.3,Producto C,0.520776937
7.10.2,Producto A,0.617020326
7.10.2,Producto B,0.770451015
7.10.2,Producto C,0.075459448
7.10.1,Producto A,0.854330907
7.10.1,Producto B,0.87163787
7.10.1,Producto C,0.199202479
7.9.10,Producto A,0.328928616
7.9.10,Producto B,0.381458732
7.9.10,Producto C,0.7894363
7.9.9,Producto A,0.031202776
7.9.9,Producto B,0.525816691
7.9.9,Producto C,0.942817188
7.9.8,Producto A,0.946814521
7.9.8,Producto B,0.352951759
7.9.8,Producto C,0.214332437
7.9.7,Producto A,0.777814944
7.9.7,Producto B,0.875121027
7.9.7,Producto C,0.653553969
7.9.6,Producto A,0.611007325
7.9.6,Producto B,0.935875784
7.9.6,Producto C,0.029575979
7.9.5,Producto A,0.900178167
7.9.5,Producto B,0.622928233
7.9.5,Producto C,0.070407404
7.9.4,Producto A,0.730837567
7.9.4,Producto B,0.797483654
7.9.4,Producto C,0.946468855
7.9.3,Producto A,0.308766705
7.9.3,Producto B,0.586489206
7.9.3,Producto C,0.013523424
7.9.2,Producto A,0.803842043
7.9.2,Producto B,0.727512772
7.9.2,Producto C,0.610339295
7.9.1,Producto A,0.974345989
7.9.1,Producto B,0.139727156
7.9.1,Producto C,0.425623566
7.8.10,Producto A,0.365946901
7.8.10,Producto B,0.122208391
7.8.10,Producto C,0.372141517
7.8.9,Producto A,0.53908197
7.8.9,Producto B,0.766905794
7.8.9,Producto C,0.419161849
7.8.8,Producto A,0.307211164
7.8.8,Producto B,0.141022953
7.8.8,Producto C,0.235458613
7.8.7,Producto A,0.759027494
7.8.7,Producto B,0.91874799
7.8.7,Producto C,0.411660045
7.8.6,Producto A,0.730316684
7.8.6,Producto B,0.92754803
7.8.6,Producto C,0.318111874
7.8.5,Producto A,0.356624239
7.8.5,Producto B,0.403217587
7.8.5,Producto C,0.817378282
7.8.4,Producto A,0.196872641
7.8.4,Producto B,0.173030902
7.8.4,Producto C,0.348857982
7.8.3,Producto A,0.121147954
7.8.3,Producto B,0.235405996
7.8.3,Producto C,0.771041374
7.8.2,Producto A,0.779236887
7.8.2,Producto B,0.441949292
7.8.2,Producto C,0.714182911
7.8.1,Producto A,0.828993013
7.8.1,Producto B,0.751788719
7.8.1,Producto C,0.10567888
7.7.10,Producto A,0.289341701
7.7.10,Producto B,0.732221994
7.7.10,Producto C,0.278165323
7.7.9,Producto A,0.694271112
7.7.9,Producto B,0.307230864
7.7.9,Producto C,0.739198045
7.7.8,Producto A,0.777524975
7.7.8,Producto B,0.788799013
7.7.8,Producto C,0.185589838
7.7.7,Producto A,0.159748741
7.7.7,Producto B,0.793090871
7.7.7,Producto C,0.187130795
7.7.6,Producto A,0.127918604
7.7.6,Producto B,0.754839061
7.7.6,Producto C,0.39042699
7.7.5,Producto A,0.029410562
7.7.5,Producto B,0.310724167
7.7.5,Producto C,0.462911365
7.7.4,Producto A,0.579415503
7.7.4,Producto B,0.189622774
7.7.4,Producto C,0.486570689
7.7.3,Producto A,0.307947889
7.7.3,Producto B,0.935699312
7.7.3,Producto C,0.887798207
7.7.2,Producto A,0.079698526
7.7.2,Producto B,0.3397275
7.7.2,Producto C,0.51483199
7.7.1,Producto A,0.020590209
7.7.1,Producto B,0.907763787
7.7.1,Producto C,0.063152938
7.6.10,Producto A,0.537308336
7.6.10,Producto B,0.611087299
7.6.10,Producto C,0.061218136
7.6.9,Producto A,0.687527793
7.6.9,Producto B,0.229586398
7.6.9,Producto C,0.939298499
7.6.8,Producto A,0.552918134
7.6.8,Producto B,0.53668057
7.6.8,Producto C,0.126639259
7.6.7,Producto A,0.658791564
7.6.7,Producto B,0.365773431
7.6.7,Producto C,0.944771367
7.6.6,Producto A,0.951211949
7.6.6,Producto B,0.095003982
7.6.6,Producto C,0.033108081
7.6.5,Producto A,0.543557913
7.6.5,Producto B,0.781020054
7.6.5,Producto C,0.984666924
7.6.4,Producto A,0.595098259
7.6.4,Producto B,0.368138356
7.6.4,Producto C,0.082979123
7.6.3,Producto A,0.038901184
7.6.3,Producto B,0.553474844
7.6.3,Producto C,0.151780401
7.6.2,Producto A,0.828404578
7.6.2,Producto B,0.991840762
7.6.2,Producto C,0.527234741
7.6.1,Producto A,0.054631604
7.6.1,Producto B,0.504981131
7.6.1,Producto C,0.073363475
7.5.10,Producto A,0.394581922
7.5.10,Producto B,0.7855846
7.5.10,Producto C,0.596090512
7.5.9,Producto A,0.086730684
7.5.9,Producto B,0.432853644
7.5.9,Producto C,0.723940726
7.5.8,Producto A,0.389802163
7.5.8,Producto B,0.130886865
7.5.8,Producto C,0.579822906
7.5.7,Producto A,0.00146607
7.5.7,Producto B,0.848151283
7.5.7,Producto C,0.988877853
7.5.6,Producto A,0.748648574
7.5.6,Producto B,0.649552828
7.5.6,Producto C,0.505238758
7.5.5,Producto A,0.510849056
7.5.5,Producto B,0.947990517
7.5.5,Producto C,0.320802571
7.5.4,Producto A,0.831079412
7.5.4,Producto B,0.547954219
7.5.4,Producto C,0.5637894
7.5.3,Producto A,0.250849111
7.5.3,Producto B,0.947551533
7.5.3,Producto C,0.899743069
7.5.2,Producto A,0.521778321
7.5.2,Producto B,0.544096499
7.5.2,Producto C,0.452253415
7.5.1,Producto A,0.62983154
7.5.1,Producto B,0.449845146
7.5.1,Producto C,0.042248731
7.4.10,Producto A,0.691794661
7.4.10,Producto B,0.251232174
7.4.10,Producto C,0.987523276
7.4.9,Producto A,0.200394937
7.4.9,Producto B,0.339374048
7.4.9,Producto C,0.087072315
7.4.8,Producto A,0.804014916
7.4.8,Producto B,0.939374069
7.4.8,Producto C,0.85161629
7.4.7,Producto A,0.489839811
7.4.7,Producto B,0.880318664
7.4.7,Producto C,0.145629904
7.4.6,Producto A,0.239304221
7.4.6,Producto B,0.28038439
7.4.6,Producto C,0.979935477
7.4.5,Producto A,0.439560772
7.4.5,Producto B,0.035998153
7.4.5,Producto C,0.935969719
7.4.4,Producto A,0.493207626
7.4.4,Producto B,0.749430076
7.4.4,Producto C,0.674486577
7.4.3,Producto A,0.221139636
7.4.3,Producto B,0.88257583
7.4.3,Producto C,0.539880095
7.4.2,Producto A,0.556589296
7.4.2,Producto B,0.947981136
7.4.2,Producto C,0.531535505
7.4.1,Producto A,0.430109863
7.4.1,Producto B,0.999710544
7.4.1,Producto C,0.451672929
7.3.10,Producto A,0.087299922
7.3.10,Producto B,0.183978338
7.3.10,Producto C,0.880777017
7.3.9,Producto A,0.43756534
7.3.9,Producto B,0.715542287
7.3.9,Producto C,0.539673985
7.3.8,Producto A,0.562861377
7.3.8,Producto B,0.593883628
7.3.8,Producto C,0.869668071
7.3.7,Producto A,0.426120452
7.3.7,Producto B,0.705560645
7.3.7,Producto C,0.386296235
7.3.6,Producto A,0.701042899
7.3.6,Producto B,0.282915214
7.3.6,Producto C,0.622286732
7.3.5,Producto A,0.096829047
7.3.5,Producto B,0.790358745
7.3.5,Producto C,0.076248719
7.3.4,Producto A,0.606958267
7.3.4,Producto B,0.58590496
7.3.4,Producto C,0.216567956
7.3.3,Producto A,0.886146169
7.3.3,Producto B,0.667381171
7.3.3,Producto C,0.552359966
7.3.2,Producto A,0.833654342
7.3.2,Producto B,0.990384287
7.3.2,Producto C,0.833306328
7.3.1,Producto A,0.604815474
7.3.1,Producto B,0.020839008
7.3.1,Producto C,0.070201075
7.2.10,Producto A,0.424482391
7.2.10,Producto B,0.876647578
7.2.10,Producto C,0.492640223
7.2.9,Producto A,0.460259824
7.2.9,Producto B,0.277626707
7.2.9,Producto C,0.963609166
7.2.8,Producto A,0.251216354
7.2.8,Producto B,0.280186735
7.2.8,Producto C,0.242149495
7.2.7,Producto A,0.405180254
7.2.7,Producto B,0.453400807
7.2.7,Producto C,0.885406286
7.2.6,Producto A,0.337272923
7.2.6,Producto B,0.875435198
7.2.6,Producto C,0.872227483
7.2.5,Producto A,0.168083985
7.2.5,Producto B,0.518906644
7.2.5,Producto C,0.431212008
7.2.4,Producto A,0.283920926
7.2.4,Producto B,0.800544993
7.2.4,Producto C,0.012084648
7.2.3,Producto A,0.665241236
7.2.3,Producto B,0.855545601
7.2.3,Producto C,0.447339067
7.2.2,Producto A,0.047481142
7.2.2,Producto B,0.170804291
7.2.2,Producto C,0.269342485
7.2.1,Producto A,0.317144157
7.2.1,Producto B,0.375829823
7.2.1,Producto C,0.622926252
7.1.10,Producto A,0.786924619
7.1.10,Producto B,0.705401068
7.1.10,Producto C,0.760582181
7.1.9,Producto A,0.258635794
7.1.9,Producto B,0.378430264
7.1.9,Producto C,0.899993004
7.1.8,Producto A,0.178486715
7.1.8,Producto B,0.806056531
7.1.8,Producto C,0.004799661
7.1.7,Producto A,0.938429859
7.1.7,Producto B,0.487749156
7.1.7,Producto C,0.329650121
7.1.6,Producto A,0.874359679
7.1.6,Producto B,0.499406989
7.1.6,Producto C,0.254779858
7.1.5,Producto A,0.86145169
7.1.5,Producto B,0.684278863
7.1.5,Producto C,0.931590159
7.1.4,Producto A,0.145806892
7.1.4,Producto B,0.3199488
7.1.4,Producto C,0.475564802
7.1.3,Producto A,0.555009027
7.1.3,Producto B,0.195007766
7.1.3,Producto C,0.570072489
7.1.2,Producto A,0.943362132
7.1.2,Producto B,0.129730974
7.1.2,Producto C,0.930212654
7.1.1,Producto A,0.269040124
7.1.1,Producto B,0.424483568
7.1.1,Producto C,0.067090759
6.10.10,Producto A,0.855205004
6.10.10,Producto B,0.116691547
6.10.10,Producto C,0.476717055
6.10.9,Producto A,0.184098275
6.10.9,Producto B,0.925649062
6.10.9,Producto C,0.625945317
6.10.8,Producto A,0.92730094
6.10.8,Producto B,0.3223982
6.10.8,Producto C,0.58216472
6.10.7,Producto A,0.330786925
6.10.7,Producto B,0.73601601
6.10.7,Producto C,0.327323943
6.10.6,Producto A,0.26464698
6.10.6,Producto B,0.369780988
6.10.6,Producto C,0.646314098
6.10.5,Producto A,0.049681891
6.10.5,Producto B,0.349812707
6.10.5,Producto C,0.814899693
6.10.4,Producto A,0.25359478
6.10.4,Producto B,0.804421738
6.10.4,Producto C,0.038042762
6.10.3,Producto A,0.568272746
6.10.3,Producto B,0.591997045
6.10.3,Producto C,0.051698767
6.10.2,Producto A,0.868559084
6.10.2,Producto B,0.284591754
6.10.2,Producto C,0.547440645
6.10.1,Producto A,0.756012787
6.10.1,Producto B,0.504186987
6.10.1,Producto C,0.572884529
6.9.10,Producto A,0.824708591
6.9.10,Producto B,0.517665045
6.9.10,Producto C,0.925902021
6.9.9,Producto A,0.219956916
6.9.9,Producto B,0.205444911
6.9.9,Producto C,0.07810659
6.9.8,Producto A,0.239538353
6.9.8,Producto B,0.999069773
6.9.8,Producto C,0.972110884
6.9.7,Producto A,0.431270264
6.9.7,Producto B,0.027209285
6.9.7,Producto C,0.534735878
6.9.6,Producto A,0.12337802
6.9.6,Producto B,0.491230229
6.9.6,Producto C,0.864941076
6.9.5,Producto A,0.784463503
6.9.5,Producto B,0.338670975
6.9.5,Producto C,0.338171997
6.9.4,Producto A,0.681112443
6.9.4,Producto B,0.637414437
6.9.4,Producto C,0.995593856
6.9.3,Producto A,0.660604327
6.9.3,Producto B,0.707541894
6.9.3,Producto C,0.352358851
6.9.2,Producto A,0.758683651
6.9.2,Producto B,0.669572579
6.9.2,Producto C,0.343945759
6.9.1,Producto A,0.493888089
6.9.1,Producto B,0.339337637
6.9.1,Producto C,0.86208336
6.8.10,Producto A,0.025934424
6.8.10,Producto B,0.394329478
6.8.10,Producto C,0.041269862
6.8.9,Producto A,0.406962392
6.8.9,Producto B,0.672725054
6.8.9,Producto C,0.802482128
6.8.8,Producto A,0.716000808
6.8.8,Producto B,0.687408462
6.8.8,Producto C,0.280119722
6.8.7,Producto A,0.889985515
6.8.7,Producto B,0.973909293
6.8.7,Producto C,0.710835325
6.8.6,Producto A,0.358547586
6.8.6,Producto B,0.40657339
6.8.6,Producto C,0.42329509
6.8.5,Producto A,0.044728802
6.8.5,Producto B,0.688695296
6.8.5,Producto C,0.830233333
6.8.4,Producto A,0.031828164
6.8.4,Producto B,0.113977108
6.8.4,Producto C,0.736018067
6.8.3,Producto A,0.434667913
6.8.3,Producto B,0.332807885
6.8.3,Producto C,0.308674473
6.8.2,Producto A,0.458902901
6.8.2,Producto B,0.638094072
6.8.2,Producto C,0.511918551
6.8.1,Producto A,0.210561766
6.8.1,Producto B,0.68027434
6.8.1,Producto C,0.959740098
6.7.10,Producto A,0.947192075
6.7.10,Producto B,0.705794891
6.7.10,Producto C,0.675183115
6.7.9,Producto A,0.2428304
6.7.9,Producto B,0.742745396
6.7.9,Producto C,0.044095313
6.7.8,Producto A,0.757168299
6.7.8,Producto B,0.870776972
6.7.8,Producto C,0.390157529
6.7.7,Producto A,0.069276124
6.7.7,Producto B,0.882838994
6.7.7,Producto C,0.563579009
6.7.6,Producto A,0.717300374
6.7.6,Producto B,0.117858415
6.7.6,Producto C,0.305940013
6.7.5,Producto A,0.453191675
6.7.5,Producto B,0.525611852
6.7.5,Producto C,0.89302743
6.7.4,Producto A,0.781509697
6.7.4,Producto B,0.419356159
6.7.4,Producto C,0.333153604
6.7.3,Producto A,0.402657354
6.7.3,Producto B,0.265845059
6.7.3,Producto C,0.946108969
6.7.2,Producto A,0.411512387
6.7.2,Producto B,0.947025136
6.7.2,Producto C,0.472548878
6.7.1,Producto A,0.527434067
6.7.1,Producto B,0.370908831
6.7.1,Producto C,0.566256507
6.6.10,Producto A,0.814508744
6.6.10,Producto B,0.741206117
6.6.10,Producto C,0.826897614
6.6.9,Producto A,0.618093365
6.6.9,Producto B,0.990857039
6.6.9,Producto C,0.424559511
6.6.8,Producto A,0.701975425
6.6.8,Producto B,0.266070403
6.6.8,Producto C,0.376933839
6.6.7,Producto A,0.75113012
6.6.7,Producto B,0.452556817
6.6.7,Producto C,0.218741596
6.6.6,Producto A,0.009474937
6.6.6,Producto B,0.911131254
6.6.6,Producto C,0.106732679
6.6.5,Producto A,0.607114023
6.6.5,Producto B,0.399517237
6.6.5,Producto C,0.416218952
6.6.4,Producto A,0.576949502
6.6.4,Producto B,0.101103481
6.6.4,Producto C,0.556687638
6.6.3,Producto A,0.10342085
6.6.3,Producto B,0.989631309
6.6.3,Producto C,0.333895047
6.6.2,Producto A,0.159845069
6.6.2,Producto B,0.234687352
6.6.2,Producto C,0.466004792
6.6.1,Producto A,0.104902996
6.6.1,Producto B,0.111239726
6.6.1,Producto C,0.862783913
6.5.10,Producto A,0.836369771
6.5.10,Producto B,0.640023395
6.5.10,Producto C,0.370395437
6.5.9,Producto A,0.654040432
6.5.9,Producto B,0.229339973
6.5.9,Producto C,0.494133338
6.5.8,Producto A,0.770395593
6.5.8,Producto B,0.098467562
6.5.8,Producto C,0.585729825
6.5.7,Producto A,0.505147026
6.5.7,Producto B,0.486284672
6.5.7,Producto C,0.051878773
6.5.6,Producto A,0.69806155
6.5.6,Producto B,0.217204301
6.5.6,Producto C,0.99187166
6.5.5,Producto A,0.517240977
6.5.5,Producto B,0.748143411
6.5.5,Producto C,0.34798158
6.5.4,Producto A,0.449249272
6.5.4,Producto B,0.653996348
6.5.4,Producto C,0.7997731
6.5.3,Producto A,0.345928721
6.5.3,Producto B,0.220412148
6.5.3,Producto C,0.587459311
6.5.2,Producto A,0.975909199
6.5.2,Producto B,0.50512845
6.5.2,Producto C,0.113270547
6.5.1,Producto A,0.720396432
6.5.1,Producto B,0.662628421
6.5.1,Producto C,0.674030058
6.4.10,Producto A,0.627886021
6.4.10,Producto B,0.048953296
6.4.10,Producto C,0.553312527
6.4.9,Producto A,0.510742
6.4.9,Producto B,0.479032077
6.4.9,Producto C,0.824834054
6.4.8,Producto A,0.362290497
6.4.8,Producto B,0.365001012
6.4.8,Producto C,0.115591952
6.4.7,Producto A,0.967871808
6.4.7,Producto B,0.605972744
6.4.7,Producto C,0.183517706
6.4.6,Producto A,0.903843474
6.4.6,Producto B,0.476984735
6.4.6,Producto C,0.215877967
6.4.5,Producto A,0.4610734
6.4.5,Producto B,0.761084312
6.4.5,Producto C,0.31755477
6.4.4,Producto A,0.246107118
6.4.4,Producto B,0.421566014
6.4.4,Producto C,0.065209173
6.4.3,Producto A,0.167253295
6.4.3,Producto B,0.753286264
6.4.3,Producto C,0.632938934
6.4.2,Producto A,0.584404444
6.4.2,Producto B,0.387080194
6.4.2,Producto C,0.534748303
6.4.1,Producto A,0.278059467
6.4.1,Producto B,0.542394886
6.4.1,Producto C,0.39550706
6.3.10,Producto A,0.995860537
6.3.10,Producto B,0.134206897
6.3.10,Producto C,0.708864071
6.3.9,Producto A,0.685709877
6.3.9,Producto B,0.376085405
6.3.9,Producto C,0.308118117
6.3.8,Producto A,0.175804173
6.3.8,Producto B,0.018565449
6.3.8,Producto C,0.325018674
6.3.7,Producto A,0.465777262
6.3.7,Producto B,0.219990244
6.3.7,Producto C,0.70983691
6.3.6,Producto A,0.349535036
6.3.6,Producto B,0.96227249
6.3.6,Producto C,0.391393294
6.3.5,Producto A,0.462238784
6.3.5,Producto B,0.503695886
6.3.5,Producto C,0.712683899
6.3.4,Producto A,0.691520591
6.3.4,Producto B,0.620652249
6.3.4,Producto C,0.302097142
6.3.3,Producto A,0.62680138
6.3.3,Producto B,0.24726053
6.3.3,Producto C,0.500222881
6.3.2,Producto A,0.677334829
6.3.2,Producto B,0.691376539
6.3.2,Producto C,0.668880044
6.3.1,Producto A,0.102451158
6.3.1,Producto B,0.851335399
6.3.1,Producto C,0.673354844
6.2.10,Producto A,0.89340817
6.2.10,Producto B,0.910011014
6.2.10,Producto C,0.189551376
6.2.9,Producto A,0.887907908
6.2.9,Producto B,0.845927877
6.2.9,Producto C,0.770012417
6.2.8,Producto A,0.45387471
6.2.8,Producto B,0.281759761
6.2.8,Producto C,0.431519796
6.2.7,Producto A,0.152130783
6.2.7,Producto B,0.728701621
6.2.7,Producto C,0.848094218
6.2.6,Producto A,0.095034956
6.2.6,Producto B,0.208535174
6.2.6,Producto C,0.430885419
6.2.5,Producto A,0.952780318
6.2.5,Producto B,0.701388123
6.2.5,Producto C,0.265789471
6.2.4,Producto A,0.629310206
6.2.4,Producto B,0.404631479
6.2.4,Producto C,0.99227137
6.2.3,Producto A,0.661788907
6.2.3,Producto B,0.95490611
6.2.3,Producto C,0.318265028
6.2.2,Producto A,0.0726296
6.2.2,Producto B,0.061293916
6.2.2,Producto C,0.273765353
6.2.1,Producto A,0.326133762
6.2.1,Producto B,0.101706111
6.2.1,Producto C,0.593681387
6.1.10,Producto A,0.256829441
6.1.10,Producto B,0.537821379
6.1.10,Producto C,0.136182162
6.1.9,Producto A,0.335867469
6.1.9,Producto B,0.094194434
6.1.9,Producto C,0.995328972
6.1.8,Producto A,0.373152912
6.1.8,Producto B,0.158279537
6.1.8,Producto C,0.578722329
6.1.7,Producto A,0.827875057
6.1.7,Producto B,0.185170465
6.1.7,Producto C,0.803673887
6.1.6,Producto A,0.431165699
6.1.6,Producto B,0.552642283
6.1.6,Producto C,0.623813439
6.1.5,Producto A,0.144246618
6.1.5,Producto B,0.474799881
6.1.5,Producto C,0.688901842
6.1.4,Producto A,0.668196838
6.1.4,Producto B,0.705403608
6.1.4,Producto C,0.861344413
6.1.3,Producto A,0.860076549
6.1.3,Producto B,0.834127992
6.1.3,Producto C,0.991704801
6.1.2,Producto A,0.406898491
6.1.2,Producto B,0.630100752
6.1.2,Producto C,0.478632764
6.1.1,Producto A,0.32150112
6.1.1,Producto B,0.648863515
6.1.1,Producto C,0.350568039
5.10.10,Producto A,0.177049125
5.10.10,Producto B,0.366078913
5.10.10,Producto C,0.974713623
5.10.9,Producto A,0.494929591
5.10.9,Producto B,0.789293307
5.10.9,Producto C,0.432952112
5.10.8,Producto A,0.31373188
5.10.8,Producto B,0.567936794
5.10.8,Producto C,0.933269824
5.10.7,Producto A,0.541923469
5.10.7,Producto B,0.181203632
5.10.7,Producto C,0.01645388
5.10.6,Producto A,0.64213096
5.10.6,Producto B,0.917845647
5.10.6,Producto C,0.465509215
5.10.5,Producto A,0.702391236
5.10.5,Producto B,0.736574449
5.10.5,Producto C,0.522957684
5.10.4,Producto A,0.396248585
5.10.4,Producto B,0.707662814
5.10.4,Producto C,0.090810607
5.10.3,Producto A,0.430601913
5.10.3,Producto B,0.568003063
5.10.3,Producto C,0.112880419
5.10.2,Producto A,0.597183423
5.10.2,Producto B,0.510945994
5.10.2,Producto C,0.454728289
5.10.1,Producto A,0.571382021
5.10.1,Producto B,0.914920788
5.10.1,Producto C,0.363167804
5.9.10,Producto A,0.684042871
5.9.10,Producto B,0.131928236
5.9.10,Producto C,0.494777895
5.9.9,Producto A,0.798079409
5.9.9,Producto B,0.110113146
5.9.9,Producto C,0.025030287
5.9.8,Producto A,0.27651334
5.9.8,Producto B,0.638657691
5.9.8,Producto C,0.993617031
5.9.7,Producto A,0.906852728
5.9.7,Producto B,0.541606596
5.9.7,Producto C,0.799363009
5.9.6,Producto A,0.982348835
5.9.6,Producto B,0.416226441
5.9.6,Producto C,0.879967436
5.9.5,Producto A,0.900098061
5.9.5,Producto B,0.668047823
5.9.5,Producto C,0.461743031
5.9.4,Producto A,0.201147521
5.9.4,Producto B,0.049510614
5.9.4,Producto C,0.574848825
5.9.3,Producto A,0.750800011
5.9.3,Producto B,0.670274345
5.9.3,Producto C,0.242159364
5.9.2,Producto A,0.874926032
5.9.2,Producto B,0.513268816
5.9.2,Producto C,0.009782433
5.9.1,Producto A,0.993022977
5.9.1,Producto B,0.357632003
5.9.1,Producto C,0.642993726
5.8.10,Producto A,0.787815856
5.8.10,Producto B,0.761069232
5.8.10,Producto C,0.049625354
5.8.9,Producto A,0.49557122
5.8.9,Producto B,0.898557575
5.8.9,Producto C,0.241911073
5.8.8,Producto A,0.242617829
5.8.8,Producto B,0.600479658
5.8.8,Producto C,0.760825237
5.8.7,Producto A,0.094902625
5.8.7,Producto B,0.049096132
5.8.7,Producto C,0.67820239
5.8.6,Producto A,0.291797808
5.8.6,Producto B,0.258971219
5.8.6,Producto C,0.047621765
5.8.5,Producto A,0.014047955
5.8.5,Producto B,0.190428808
5.8.5,Producto C,0.248881115
5.8.4,Producto A,0.105997875
5.8.4,Producto B,0.324834602
5.8.4,Producto C,0.408227583
5.8.3,Producto A,0.894997081
5.8.3,Producto B,0.914186085
5.8.3,Producto C,0.363475283
5.8.2,Producto A,0.463539862
5.8.2,Producto B,0.317961379
5.8.2,Producto C,0.480336295
5.8.1,Producto A,0.380232828
5.8.1,Producto B,0.667117687
5.8.1,Producto C,0.682414281
5.7.10,Producto A,0.400567284
5.7.10,Producto B,0.862779035
5.7.10,Producto C,0.110420623
5.7.9,Producto A,0.568370341
5.7.9,Producto B,0.116302924
5.7.9,Producto C,0.050256672
5.7.8,Producto A,0.492094493
5.7.8,Producto B,0.08648906
5.7.8,Producto C,0.010036025
5.7.7,Producto A,0.338406216
5.7.7,Producto B,0.915176137
5.7.7,Producto C,0.886408015
5.7.6,Producto A,0.538471496
5.7.6,Producto B,0.943520775
5.7.6,Producto C,0.952403043
5.7.5,Producto A,0.275251217
5.7.5,Producto B,0.18357857
5.7.5,Producto C,0.173287267
5.7.4,Producto A,0.45714085
5.7.4,Producto B,0.525393342
5.7.4,Producto C,0.18713608
5.7.3,Producto A,0.007009565
5.7.3,Producto B,0.793740643
5.7.3,Producto C,0.081333318
5.7.2,Producto A,0.018337042
5.7.2,Producto B,0.145648312
5.7.2,Producto C,0.739826565
5.7.1,Producto A,0.297695148
5.7.1,Producto B,0.189961786
5.7.1,Producto C,0.896562927
5.6.10,Producto A,0.472084904
5.6.10,Producto B,0.091716045
5.6.10,Producto C,0.488050218
5.6.9,Producto A,0.071614771
5.6.9,Producto B,0.124346465
5.6.9,Producto C,0.749943201
5.6.8,Producto A,0.752996232
5.6.8,Producto B,0.635970029
5.6.8,Producto C,0.154214285
5.6.7,Producto A,0.860110931
5.6.7,Producto B,0.800335126
5.6.7,Producto C,0.470708591
5.6.6,Producto A,0.579748076
5.6.6,Producto B,0.658234091
5.6.6,Producto C,0.424532463
5.6.5,Producto A,0.69233662
5.6.5,Producto B,0.549686156
5.6.5,Producto C,0.998984099
5.6.4,Producto A,0.822621261
5.6.4,Producto B,0.592678782
5.6.4,Producto C,0.851377994
5.6.3,Producto A,0.439411063
5.6.3,Producto B,0.02838907
5.6.3,Producto C,0.734937543
5.6.2,Producto A,0.925110203
5.6.2,Producto B,0.846664613
5.6.2,Producto C,0.941238591
5.6.1,Producto A,0.376724143
5.6.1,Producto B,0.474920055
5.6.1,Producto C,0.34453684
5.5.10,Producto A,0.689100048
5.5.10,Producto B,0.828442768
5.5.10,Producto C,0.628433701
5.5.9,Producto A,0.357588492
5.5.9,Producto B,0.39854215
5.5.9,Producto C,0.498372958
5.5.8,Producto A,0.668029763
5.5.8,Producto B,0.939543871
5.5.8,Producto C,0.944805676
5.5.7,Producto A,0.533906383
5.5.7,Producto B,0.609010583
5.5.7,Producto C,0.256990124
5.5.6,Producto A,0.169052668
5.5.6,Producto B,0.969528687
5.5.6,Producto C,0.221981525
5.5.5,Producto A,0.146678001
5.5.5,Producto B,0.18959632
5.5.5,Producto C,0.977335628
5.5.4,Producto A,0.102643434
5.5.4,Producto B,0.38073426
5.5.4,Producto C,0.04132602
5.5.3,Producto A,0.898002827
5.5.3,Producto B,0.755167861
5.5.3,Producto C,0.719927193
5.5.2,Producto A,0.305439318
5.5.2,Producto B,0.299376925
5.5.2,Producto C,0.259778759
5.5.1,Producto A,0.492998372
5.5.1,Producto B,0.292545481
5.5.1,Producto C,0.758815723
5.4.10,Producto A,0.306582311
5.4.10,Producto B,0.403630354
5.4.10,Producto C,0.735415419
5.4.9,Producto A,0.673417859
5.4.9,Producto B,0.131227674
5.4.9,Producto C,0.887908326
5.4.8,Producto A,0.973977762
5.4.8,Producto B,0.249721766
5.4.8,Producto C,0.665874418
5.4.7,Producto A,0.75572858
5.4.7,Producto B,0.568322271
5.4.7,Producto C,0.036160087
5.4.6,Producto A,0.338766963
5.4.6,Producto B,0.344859808
5.4.6,Producto C,0.410493305
5.4.5,Producto A,0.787134395
5.4.5,Producto B,0.134742678
5.4.5,Producto C,0.978487408
5.4.4,Producto A,0.869753554
5.4.4,Producto B,0.620071476
5.4.4,Producto C,0.32472432
5.4.3,Producto A,0.328785282
5.4.3,Producto B,0.527708889
5.4.3,Producto C,0.33383984
5.4.2,Producto A,0.844704815
5.4.2,Producto B,0.503131706
5.4.2,Producto C,0.092247743
5.4.1,Producto A,0.523884093
5.4.1,Producto B,0.664619054
5.4.1,Producto C,0.538881042
5.3.10,Producto A,0.404591047
5.3.10,Producto B,0.06413195
5.3.10,Producto C,0.491025145
5.3.9,Producto A,0.835916499
5.3.9,Producto B,0.599215621
5.3.9,Producto C,0.425072059
5.3.8,Producto A,0.991127733
5.3.8,Producto B,0.609839768
5.3.8,Producto C,0.023030972
5.3.7,Producto A,0.268319436
5.3.7,Producto B,0.619746052
5.3.7,Producto C,0.073988778
5.3.6,Producto A,0.016641973
5.3.6,Producto B,0.458408092
5.3.6,Producto C,0.342664346
5.3.5,Producto A,0.687325637
5.3.5,Producto B,0.141867182
5.3.5,Producto C,0.528728984
5.3.4,Producto A,0.046272574
5.3.4,Producto B,0.044040834
5.3.4,Producto C,0.228750282
5.3.3,Producto A,0.03067744
5.3.3,Producto B,0.553258866
5.3.3,Producto C,0.314810259
5.3.2,Producto A,0.596197193
5.3.2,Producto B,0.632093855
5.3.2,Producto C,0.281919165
5.3.1,Producto A,0.155830355
5.3.1,Producto B,0.398377993
5.3.1,Producto C,0.07482751
5.2.10,Producto A,0.179693272
5.2.10,Producto B,0.608269838
5.2.10,Producto C,0.253869029
5.2.9,Producto A,0.250006221
5.2.9,Producto B,0.298382912
5.2.9,Producto C,0.301126944
5.2.8,Producto A,0.413490915
5.2.8,Producto B,0.904170725
5.2.8,Producto C,0.614266243
5.2.7,Producto A,0.152973288
5.2.7,Producto B,0.512911908
5.2.7,Producto C,0.99586375
5.2.6,Producto A,0.104430638
5.2.6,Producto B,0.360089242
5.2.6,Producto C,0.65026398
5.2.5,Producto A,0.320943506
5.2.5,Producto B,0.048549333
5.2.5,Producto C,0.990594348
5.2.4,Producto A,0.350998274
5.2.4,Producto B,0.988074369
5.2.4,Producto C,0.628737944
5.2.3,Producto A,0.921280706
5.2.3,Producto B,0.721631555
5.2.3,Producto C,0.192126824
5.2.2,Producto A,0.53678517
5.2.2,Producto B,0.295603934
5.2.2,Producto C,0.671489804
5.2.1,Producto A,0.958714574
5.2.1,Producto B,0.506381622
5.2.1,Producto C,0.618422018
5.1.10,Producto A,0.851943235
5.1.10,Producto B,0.802750756
5.1.10,Producto C,0.258991027
5.1.9,Producto A,0.162211653
5.1.9,Producto B,0.765698315
5.1.9,Producto C,0.116132085
5.1.8,Producto A,0.584209012
5.1.8,Producto B,0.62761255
5.1.8,Producto C,0.964849395
5.1.7,Producto A,0.3887539
5.1.7,Producto B,0.096986334
5.1.7,Producto C,0.774680431
5.1.6,Producto A,0.953165701
5.1.6,Producto B,0.0573725
5.1.6,Producto C,0.43346714
5.1.5,Producto A,0.559862837
5.1.5,Producto B,0.634671899
5.1.5,Producto C,0.061327296
5.1.4,Producto A,0.042473308
5.1.4,Producto B,0.347985283
5.1.4,Producto C,0.473613843
5.1.3,Producto A,0.431044451
5.1.3,Producto B,0.131464659
5.1.3,Producto C,0.2552214
5.1.2,Producto A,0.663372411
5.1.2,Producto B,0.670927905
5.1.2,Producto C,0.167904456
5.1.1,Producto A,0.591700937
5.1.1,Producto B,0.617505373
5.1.1,Producto C,0.573842077
4.10.10,Producto A,0.032712312
4.10.10,Producto B,0.516155365
4.10.10,Producto C,0.638364142
4.10.9,Producto A,0.984707626
4.10.9,Producto B,0.927988904
4.10.9,Producto C,0.732782023
4.10.8,Producto A,0.813750235
4.10.8,Producto B,0.699611926
4.10.8,Producto C,0.756549156
4.10.7,Producto A,0.305383759
4.10.7,Producto B,0.20200718
4.10.7,Producto C,0.425937611
4.10.6,Producto A,0.972081674
4.10.6,Producto B,0.31258803
4.10.6,Producto C,0.661954959
4.10.5,Producto A,0.057248037
4.10.5,Producto B,0.684792641
4.10.5,Producto C,0.415047969
4.10.4,Producto A,0.062970997
4.10.4,Producto B,0.829621012
4.10.4,Producto C,0.508585505
4.10.3,Producto A,0.484113509
4.10.3,Producto B,0.330265431
4.10.3,Producto C,0.723581226
4.10.2,Producto A,0.932400948
4.10.2,Producto B,0.891495028
4.10.2,Producto C,0.660856959
4.10.1,Producto A,0.41354705
4.10.1,Producto B,0.833655235
4.10.1,Producto C,0.413475355
4.9.10,Producto A,0.790164961
4.9.10,Producto B,0.867823954
4.9.10,Producto C,0.481983062
4.9.9,Producto A,0.383172028
4.9.9,Producto B,0.837155051
4.9.9,Producto C,0.372257059
4.9.8,Producto A,0.795135489
4.9.8,Producto B,0.403801846
4.9.8,Producto C,0.816153693
4.9.7,Producto A,0.035656634
4.9.7,Producto B,0.694732307
4.9.7,Producto C,0.45161194
4.9.6,Producto A,0.560397839
4.9.6,Producto B,0.600258676
4.9.6,Producto C,0.790806799
4.9.5,Producto A,0.86909947
4.9.5,Producto B,0.138298179
4.9.5,Producto C,0.577820089
4.9.4,Producto A,0.77371097
4.9.4,Producto B,0.623599912
4.9.4,Producto C,0.761515139
4.9.3,Producto A,0.110177339
4.9.3,Producto B,0.243072404
4.9.3,Producto C,0.687672507
4.9.2,Producto A,0.033515952
4.9.2,Producto B,0.318539275
4.9.2,Producto C,0.717142539
4.9.1,Producto A,0.964417742
4.9.1,Producto B,0.231410644
4.9.1,Producto C,0.691725103
4.8.10,Producto A,0.529498349
4.8.10,Producto B,0.165520238
4.8.10,Producto C,0.001116248
4.8.9,Producto A,0.267674842
4.8.9,Producto B,0.585996082
4.8.9,Producto C,0.962180727
4.8.8,Producto A,0.701100645
4.8.8,Producto B,0.759569522
4.8.8,Producto C,0.778365938
4.8.7,Producto A,0.675748943
4.8.7,Producto B,0.517379979
4.8.7,Producto C,0.167876421
4.8.6,Producto A,0.007538947
4.8.6,Producto B,0.905227235
4.8.6,Producto C,0.992057379
4.8.5,Producto A,0.949993073
4.8.5,Producto B,0.988271211
4.8.5,Producto C,0.010905641
4.8.4,Producto A,0.250858547
4.8.4,Producto B,0.1131839
4.8.4,Producto C,0.968107847
4.8.3,Producto A,0.19202614
4.8.3,Producto B,0.755636546
4.8.3,Producto C,0.553655135
4.8.2,Producto A,0.118043348
4.8.2,Producto B,0.507934028
4.8.2,Producto C,0.098170812
4.8.1,Producto A,0.063546005
4.8.1,Producto B,0.431143275
4.8.1,Producto C,0.440075511
4.7.10,Producto A,0.155159176
4.7.10,Producto B,0.862014571
4.7.10,Producto C,0.396332779
4.7.9,Producto A,0.137666027
4.7.9,Producto B,0.44977628
4.7.9,Producto C,0.662011759
4.7.8,Producto A,0.876514538
4.7.8,Producto B,0.757915504
4.7.8,Producto C,0.122957196
4.7.7,Producto A,0.444728537
4.7.7,Producto B,0.217828273
4.7.7,Producto C,0.239201966
4.7.6,Producto A,0.034477306
4.7.6,Producto B,0.251680019
4.7.6,Producto C,0.296360467
4.7.5,Producto A,0.77866692
4.7.5,Producto B,0.152052419
4.7.5,Producto C,0.853912312
4.7.4,Producto A,0.662903058
4.7.4,Producto B,0.908888895
4.7.4,Producto C,0.520363275
4.7.3,Producto A,0.80363359
4.7.3,Producto B,0.642615813
4.7.3,Producto C,0.675376046
4.7.2,Producto A,0.074579846
4.7.2,Producto B,0.475511507
4.7.2,Producto C,0.729920494
4.7.1,Producto A,0.167216559
4.7.1,Producto B,0.190669042
4.7.1,Producto C,0.860234621
4.6.10,Producto A,0.430235444
4.6.10,Producto B,0.461171743
4.6.10,Producto C,0.387673385
4.6.9,Producto A,0.993984167
4.6.9,Producto B,0.223418956
4.6.9,Producto C,0.52172022
4.6.8,Producto A,0.647597931
4.6.8,Producto B,0.887326958
4.6.8,Producto C,0.142995081
4.6.7,Producto A,0.111060748
4.6.7,Producto B,0.192856702
4.6.7,Producto C,0.134670269
4.6.6,Producto A,0.626792414
4.6.6,Producto B,0.121195968
4.6.6,Producto C,0.076961683
4.6.5,Producto A,0.17866068
4.6.5,Producto B,0.268515458
4.6.5,Producto C,0.470615058
4.6.4,Producto A,0.086262499
4.6.4,Producto B,0.107250522
4.6.4,Producto C,0.252861811
4.6.3,Producto A,0.263313545
4.6.3,Producto B,0.428732818
4.6.3,Producto C,0.671597812
4.6.2,Producto A,0.631144463
4.6.2,Producto B,0.155425624
4.6.2,Producto C,0.016824584
4.6.1,Producto A,0.964468113
4.6.1,Producto B,0.854825029
4.6.1,Producto C,0.432785484
4.5.10,Producto A,0.943343958
4.5.10,Producto B,0.491027585
4.5.10,Producto C,0.599333127
4.5.9,Producto A,0.131200668
4.5.9,Producto B,0.250135371
4.5.9,Producto C,0.810875117
4.5.8,Producto A,0.219123786
4.5.8,Producto B,0.22217768
4.5.8,Producto C,0.115276082
4.5.7,Producto A,0.969078461
4.5.7,Producto B,0.365943032
4.5.7,Producto C,0.066185423
4.5.6,Producto A,0.735737249
4.5.6,Producto B,0.564884651
4.5.6,Producto C,0.614970245
4.5.5,Producto A,0.137241506
4.5.5,Producto B,0.599546104
4.5.5,Producto C,0.747819335
4.5.4,Producto A,0.576222644
4.5.4,Producto B,0.349083282
4.5.4,Producto C,0.829418722
4.5.3,Producto A,0.735629892
4.5.3,Producto B,0.281416293
4.5.3,Producto C,0.516986213
4.5.2,Producto A,0.441510492
4.5.2,Producto B,0.879619781
4.5.2,Producto C,0.136269836
4.5.1,Producto A,0.181367361
4.5.1,Producto B,0.108959789
4.5.1,Producto C,0.715422403
4.4.10,Producto A,0.156523736
4.4.10,Producto B,0.93263763
4.4.10,Producto C,0.411033462
4.4.9,Producto A,0.021730292
4.4.9,Producto B,0.602148147
4.4.9,Producto C,0.446682139
4.4.8,Producto A,0.449929477
4.4.8,Producto B,0.4347358
4.4.8,Producto C,0.318949214
4.4.7,Producto A,0.281088794
4.4.7,Producto B,0.781194801
4.4.7,Producto C,0.776358175
4.4.6,Producto A,0.80390721
4.4.6,Producto B,0.845689026
4.4.6,Producto C,0.199167691
4.4.5,Producto A,0.900612691
4.4.5,Producto B,0.520793419
4.4.5,Producto C,0.175086137
4.4.4,Producto A,0.634043906
4.4.4,Producto B,0.465228791
4.4.4,Producto C,0.897668681
4.4.3,Producto A,0.993482514
4.4.3,Producto B,0.806338088
4.4.3,Producto C,0.116627595
4.4.2,Producto A,0.591116332
4.4.2,Producto B,0.048622442
4.4.2,Producto C,0.531149682
4.4.1,Producto A,0.417945132
4.4.1,Producto B,0.597813357
4.4.1,Producto C,0.368973584
4.3.10,Producto A,0.783981041
4.3.10,Producto B,0.766170923
4.3.10,Producto C,0.77063596
4.3.9,Producto A,0.27116378
4.3.9,Producto B,0.161252456
4.3.9,Producto C,0.275436552
4.3.8,Producto A,0.468641523
4.3.8,Producto B,0.246862709
4.3.8,Producto C,0.449066393
4.3.7,Producto A,0.567731284
4.3.7,Producto B,0.253749609
4.3.7,Producto C,0.441783849
4.3.6,Producto A,0.858173889
4.3.6,Producto B,0.006258015
4.3.6,Producto C,0.37274996
4.3.5,Producto A,0.976454922
4.3.5,Producto B,0.319240729
4.3.5,Producto C,0.494133494
4.3.4,Producto A,0.397911
4.3.4,Producto B,0.761888001
4.3.4,Producto C,0.922843795
4.3.3,Producto A,0.37849572
4.3.3,Producto B,0.801708039
4.3.3,Producto C,0.630725471
4.3.2,Producto A,0.678423424
4.3.2,Producto B,0.74992511
4.3.2,Producto C,0.599615918
4.3.1,Producto A,0.224873756
4.3.1,Producto B,0.894729991
4.3.1,Producto C,0.467784388
4.2.10,Producto A,0.5878501
4.2.10,Producto B,0.586560907
4.2.10,Producto C,0.514849571
4.2.9,Producto A,0.287736777
4.2.9,Producto B,0.810223626
4.2.9,Producto C,0.994659851
4.2.8,Producto A,0.19689683
4.2.8,Producto B,0.59989898
4.2.8,Producto C,0.303489084
4.2.7,Producto A,0.650703017
4.2.7,Producto B,0.419213866
4.2.7,Producto C,0.199194655
4.2.6,Producto A,0.548688937
4.2.6,Producto B,0.657056341
4.2.6,Producto C,0.926672165
4.2.5,Producto A,0.326141541
4.2.5,Producto B,0.924684866
4.2.5,Producto C,0.844735325
4.2.4,Producto A,0.228959359
4.2.4,Producto B,0.71750195
4.2.4,Producto C,0.600626741
4.2.3,Producto A,0.579165143
4.2.3,Producto B,0.799418161
4.2.3,Producto C,0.713043579
4.2.2,Producto A,0.250009639
4.2.2,Producto B,0.807840192
4.2.2,Producto C,0.459868217
4.2.1,Producto A,0.8478187
4.2.1,Producto B,0.717605073
4.2.1,Producto C,0.043383928
4.1.10,Producto A,0.875823712
4.1.10,Producto B,0.035141067
4.1.10,Producto C,0.098587285
4.1.9,Producto A,0.221242847
4.1.9,Producto B,0.134803067
4.1.9,Producto C,0.801526904
4.1.8,Producto A,0.035668726
4.1.8,Producto B,0.914565168
4.1.8,Producto C,0.060455935
4.1.7,Producto A,0.932085785
4.1.7,Producto B,0.178279247
4.1.7,Producto C,0.060974156
4.1.6,Producto A,0.946553164
4.1.6,Producto B,0.077797376
4.1.6,Producto C,0.374889868
4.1.5,Producto A,0.182244733
4.1.5,Producto B,0.410163793
4.1.5,Producto C,0.643588395
4.1.4,Producto A,0.403397653
4.1.4,Producto B,0.704672442
4.1.4,Producto C,0.185102322
4.1.3,Producto A,0.850593279
4.1.3,Producto B,0.396262717
4.1.3,Producto C,0.332442312
4.1.2,Producto A,0.408812241
4.1.2,Producto B,0.424304812
4.1.2,Producto C,0.916844363
4.1.1,Producto A,0.342149681
4.1.1,Producto B,0.594613603
4.1.1,Producto C,0.391605216
3.10.10,Producto A,0.332720865
3.10.10,Producto B,0.102661689
3.10.10,Producto C,0.969885244
3.10.9,Producto A,0.828876253
3.10.9,Producto B,0.857756158
3.10.9,Producto C,0.733822513
3.10.8,Producto A,0.951614548
3.10.8,Producto B,0.335482453
3.10.8,Producto C,0.627011155
3.10.7,Producto A,0.522605462
3.10.7,Producto B,0.60345634
3.10.7,Producto C,0.227560782
3.10.6,Producto A,0.968987841
3.10.6,Producto B,0.341427446
3.10.6,Producto C,0.566990889
3.10.5,Producto A,0.715451446
3.10.5,Producto B,0.179768681
3.10.5,Producto C,0.680033452
3.10.4,Producto A,0.639038736
3.10.4,Producto B,0.556034803
3.10.4,Producto C,0.245155058
3.10.3,Producto A,0.187150017
3.10.3,Producto B,0.623178844
3.10.3,Producto C,0.431579246
3.10.2,Producto A,0.799551502
3.10.2,Producto B,0.909729726
3.10.2,Producto C,0.420482458
3.10.1,Producto A,0.930155334
3.10.1,Producto B,0.459849643
3.10.1,Producto C,0.963999208
3.9.10,Producto A,0.805447133
3.9.10,Producto B,0.810640572
3.9.10,Producto C,0.298945186
3.9.9,Producto A,0.307238815
3.9.9,Producto B,0.70264707
3.9.9,Producto C,0.953571734
3.9.8,Producto A,0.518216653
3.9.8,Producto B,0.20462092
3.9.8,Producto C,0.371342821
3.9.7,Producto A,0.77586947
3.9.7,Producto B,0.814579489
3.9.7,Producto C,0.552193785
3.9.6,Producto A,0.964465326
3.9.6,Producto B,0.996602371
3.9.6,Producto C,0.181874482
3.9.5,Producto A,0.459811065
3.9.5,Producto B,0.281728056
3.9.5,Producto C,0.284291827
3.9.4,Producto A,0.235022873
3.9.4,Producto B,0.63960614
3.9.4,Producto C,0.265574833
3.9.3,Producto A,0.68080277
3.9.3,Producto B,0.33927053
3.9.3,Producto C,0.22980126
3.9.2,Producto A,0.401240728
3.9.2,Producto B,0.825711385
3.9.2,Producto C,0.029549713
3.9.1,Producto A,0.888536085
3.9.1,Producto B,0.475538417
3.9.1,Producto C,0.426106758
3.8.10,Producto A,0.006715679
3.8.10,Producto B,0.984461546
3.8.10,Producto C,0.444607431
3.8.9,Producto A,0.992642217
3.8.9,Producto B,0.784330519
3.8.9,Producto C,0.719757007
3.8.8,Producto A,0.621728963
3.8.8,Producto B,0.124722919
3.8.8,Producto C,0.73880803
3.8.7,Producto A,0.197838096
3.8.7,Producto B,0.691660637
3.8.7,Producto C,0.374960469
3.8.6,Producto A,0.080501215
3.8.6,Producto B,0.813073042
3.8.6,Producto C,0.857827241
3.8.5,Producto A,0.321398743
3.8.5,Producto B,0.622287252
3.8.5,Producto C,0.673911211
3.8.4,Producto A,0.569633691
3.8.4,Producto B,0.88312539
3.8.4,Producto C,0.325759323
3.8.3,Producto A,0.06007149
3.8.3,Producto B,0.757063758
3.8.3,Producto C,0.459023712
3.8.2,Producto A,0.056468862
3.8.2,Producto B,0.113327571
3.8.2,Producto C,0.751190383
3.8.1,Producto A,0.693823158
3.8.1,Producto B,0.153795876
3.8.1,Producto C,0.261984915
3.7.10,Producto A,0.168455025
3.7.10,Producto B,0.625284602
3.7.10,Producto C,0.857960332
3.7.9,Producto A,0.319143146
3.7.9,Producto B,0.139018534
3.7.9,Producto C,0.870861262
3.7.8,Producto A,0.241760779
3.7.8,Producto B,0.850228975
3.7.8,Producto C,0.003421941
3.7.7,Producto A,0.001468128
3.7.7,Producto B,0.393699218
3.7.7,Producto C,0.075255702
3.7.6,Producto A,0.53458274
3.7.6,Producto B,0.042800602
3.7.6,Producto C,0.187880921
3.7.5,Producto A,0.638522261
3.7.5,Producto B,0.786648129
3.7.5,Producto C,0.462389141
3.7.4,Producto A,0.19726469
3.7.4,Producto B,0.403424186
3.7.4,Producto C,0.826725132
3.7.3,Producto A,0.285293227
3.7.3,Producto B,0.272185888
3.7.3,Producto C,0.491723482
3.7.2,Producto A,0.647257454
3.7.2,Producto B,0.565246597
3.7.2,Producto C,0.122142373
3.7.1,Producto A,0.985419897
3.7.1,Producto B,0.76352043
3.7.1,Producto C,0.475183856
3.6.10,Producto A,0.253315794
3.6.10,Producto B,0.714026425
3.6.10,Producto C,0.245449931
3.6.9,Producto A,0.352282158
3.6.9,Producto B,0.492908406
3.6.9,Producto C,0.047531203
3.6.8,Producto A,0.730120594
3.6.8,Producto B,0.319849417
3.6.8,Producto C,0.734238231
3.6.7,Producto A,0.35619418
3.6.7,Producto B,0.512930125
3.6.7,Producto C,0.025717248
3.6.6,Producto A,0.962185293
3.6.6,Producto B,0.902160143
3.6.6,Producto C,0.570418623
3.6.5,Producto A,0.313208895
3.6.5,Producto B,0.075748567
3.6.5,Producto C,0.842378432
3.6.4,Producto A,0.598783583
3.6.4,Producto B,0.745510621
3.6.4,Producto C,0.152347538
3.6.3,Producto A,0.111143602
3.6.3,Producto B,0.880750121
3.6.3,Producto C,0.52345076
3.6.2,Producto A,0.647602426
3.6.2,Producto B,0.450822248
3.6.2,Producto C,0.68447998
3.6.1,Producto A,0.213982554
3.6.1,Producto B,0.358723748
3.6.1,Producto C,0.230760035
3.5.10,Producto A,0.166378003
3.5.10,Producto B,0.969593932
3.5.10,Producto C,0.125216947
3.5.9,Producto A,0.488949097
3.5.9,Producto B,0.854270116
3.5.9,Producto C,0.894289885
3.5.8,Producto A,0.634364831
3.5.8,Producto B,0.931530855
3.5.8,Producto C,0.275160459
3.5.7,Producto A,0.996729849
3.5.7,Producto B,0.647439899
3.5.7,Producto C,0.3455039
3.5.6,Producto A,0.642871071
3.5.6,Producto B,0.75793395
3.5.6,Producto C,0.929027291
3.5.5,Producto A,0.804288645
3.5.5,Producto B,0.133660516
3.5.5,Producto C,0.387744777
3.5.4,Producto A,0.717812196
3.5.4,Producto B,0.045611771
3.5.4,Producto C,0.667905978
3.5.3,Producto A,0.976772032
3.5.3,Producto B,0.843138008
3.5.3,Producto C,0.875525093
3.5.2,Producto A,0.769297075
3.5.2,Producto B,0.324294708
3.5.2,Producto C,0.810092072
3.5.1,Producto A,0.425608861
3.5.1,Producto B,0.944461255
3.5.1,Producto C,0.891692496
3.4.10,Producto A,0.73015731
3.4.10,Producto B,0.484444291
3.4.10,Producto C,0.964165174
3.4.9,Producto A,0.514458892
3.4.9,Producto B,0.95093746
3.4.9,Producto C,0.165649699
3.4.8,Producto A,0.41270354
3.4.8,Producto B,0.536665606
3.4.8,Producto C,0.082878685
3.4.7,Producto A,0.820528985
3.4.7,Producto B,0.176921484
3.4.7,Producto C,0.328420335
3.4.6,Producto A,0.270304019
3.4.6,Producto B,0.060062196
3.4.6,Producto C,0.082133231
3.4.5,Producto A,0.675749159
3.4.5,Producto B,0.092128357
3.4.5,Producto C,0.210620468
3.4.4,Producto A,0.034756981
3.4.4,Producto B,0.822336789
3.4.4,Producto C,0.749249837
3.4.3,Producto A,0.013831673
3.4.3,Producto B,0.351628497
3.4.3,Producto C,0.762765179
3.4.2,Producto A,0.859719547
3.4.2,Producto B,0.873995553
3.4.2,Producto C,0.269987416
3.4.1,Producto A,0.44258383
3.4.1,Producto B,0.586350768
3.4.1,Producto C,0.435133246
3.3.10,Producto A,0.720970231
3.3.10,Producto B,0.255918983
3.3.10,Producto C,0.919899606
3.3.9,Producto A,0.664743101
3.3.9,Producto B,0.233336125
3.3.9,Producto C,0.479144641
3.3.8,Producto A,0.330640844
3.3.8,Producto B,0.271497975
3.3.8,Producto C,0.263373527
3.3.7,Producto A,0.12679516
3.3.7,Producto B,0.462667914
3.3.7,Producto C,0.792667606
3.3.6,Producto A,0.035792061
3.3.6,Producto B,0.704463405
3.3.6,Producto C,0.030356803
3.3.5,Producto A,0.286567527
3.3.5,Producto B,0.276205218
3.3.5,Producto C,0.903658016
3.3.4,Producto A,0.743402895
3.3.4,Producto B,0.282636552
3.3.4,Producto C,0.872405091
3.3.3,Producto A,0.827921874
3.3.3,Producto B,0.421178556
3.3.3,Producto C,0.174924974
3.3.2,Producto A,0.060609757
3.3.2,Producto B,0.042570891
3.3.2,Producto C,0.931241838
3.3.1,Producto A,0.984509286
3.3.1,Producto B,0.509126702
3.3.1,Producto C,0.429619536
3.2.10,Producto A,0.856671572
3.2.10,Producto B,0.118780798
3.2.10,Producto C,0.942699586
3.2.9,Producto A,0.514529153
3.2.9,Producto B,0.258205268
3.2.9,Producto C,0.144371574
3.2.8,Producto A,0.234803042
3.2.8,Producto B,0.332562782
3.2.8,Producto C,0.62154173
3.2.7,Producto A,0.331279965
3.2.7,Producto B,0.961405761
3.2.7,Producto C,0.843848724
3.2.6,Producto A,0.450156333
3.2.6,Producto B,0.171680378
3.2.6,Producto C,0.483052531
3.2.5,Producto A,0.031322206
3.2.5,Producto B,0.456363645
3.2.5,Producto C,0.035405031
3.2.4,Producto A,0.579487462
3.2.4,Producto B,0.09630483
3.2.4,Producto C,0.184909237
3.2.3,Producto A,0.00935017
3.2.3,Producto B,0.335412991
3.2.3,Producto C,0.65490924
3.2.2,Producto A,0.664690853
3.2.2,Producto B,0.882375486
3.2.2,Producto C,0.436721157
3.2.1,Producto A,0.956744603
3.2.1,Producto B,0.146756741
3.2.1,Producto C,0.240083347
3.1.10,Producto A,0.087369339
3.1.10,Producto B,0.794707715
3.1.10,Producto C,0.377538504
3.1.9,Producto A,0.732962603
3.1.9,Producto B,0.647132416
3.1.9,Producto C,0.81667083
3.1.8,Producto A,0.047680822
3.1.8,Producto B,0.954892292
3.1.8,Producto C,0.394721586
3.1.7,Producto A,0.233025511
3.1.7,Producto B,0.436708574
3.1.7,Producto C,0.622836194
3.1.6,Producto A,0.196131022
3.1.6,Producto B,0.511209978
3.1.6,Producto C,0.166241325
3.1.5,Producto A,0.817078443
3.1.5,Producto B,0.430783107
3.1.5,Producto C,0.303697216
3.1.4,Producto A,0.423088481
3.1.4,Producto B,0.914660348
3.1.4,Producto C,0.226203445
3.1.3,Producto A,0.109661213
3.1.3,Producto B,0.875199631
3.1.3,Producto C,0.515760923
3.1.2,Producto A,0.352969168
3.1.2,Producto B,0.803667671
3.1.2,Producto C,0.23774088
3.1.1,Producto A,0.111955524
3.1.1,Producto B,0.23818821
3.1.1,Producto C,0.554560846
2.10.10,Producto A,0.189498304
2.10.10,Producto B,0.868425522
2.10.10,Producto C,0.334687773
2.10.9,Producto A,0.770783047
2.10.9,Producto B,0.039628994
2.10.9,Producto C,0.307545945
2.10.8,Producto A,0.564636429
2.10.8,Producto B,0.56737606
2.10.8,Producto C,0.37650933
2.10.7,Producto A,0.662465818
2.10.7,Producto B,0.514147896
2.10.7,Producto C,0.404590493
2.10.6,Producto A,0.374721033
2.10.6,Producto B,0.369666401
2.10.6,Producto C,0.276352578
2.10.5,Producto A,0.343526729
2.10.5,Producto B,0.232621413
2.10.5,Producto C,0.250339074
2.10.4,Producto A,0.224144001
2.10.4,Producto B,0.006136999
2.10.4,Producto C,0.432473591
2.10.3,Producto A,0.342953388
2.10.3,Producto B,0.745153754
2.10.3,Producto C,0.822310967
2.10.2,Producto A,0.999735088
2.10.2,Producto B,0.36707014
2.10.2,Producto C,0.937645371
2.10.1,Producto A,0.763703206
2.10.1,Producto B,0.984592548
2.10.1,Producto C,0.494227033
2.9.10,Producto A,0.674790585
2.9.10,Producto B,0.892871852
2.9.10,Producto C,0.56600005
2.9.9,Producto A,0.271468601
2.9.9,Producto B,0.867880432
2.9.9,Producto C,0.533890398
2.9.8,Producto A,0.091918398
2.9.8,Producto B,0.771526846
2.9.8,Producto C,0.740049525
2.9.7,Producto A,0.695247423
2.9.7,Producto B,0.250738974
2.9.7,Producto C,0.054134259
2.9.6,Producto A,0.949322126
2.9.6,Producto B,0.335897538
2.9.6,Producto C,0.413324669
2.9.5,Producto A,0.994808637
2.9.5,Producto B,0.899903347
2.9.5,Producto C,0.578785687
2.9.4,Producto A,0.654167215
2.9.4,Producto B,0.521974431
2.9.4,Producto C,0.504327357
2.9.3,Producto A,0.765356603
2.9.3,Producto B,0.416270801
2.9.3,Producto C,0.220512418
2.9.2,Producto A,0.808075668
2.9.2,Producto B,0.405941773
2.9.2,Producto C,0.686013166
2.9.1,Producto A,0.848143856
2.9.1,Producto B,0.618607455
2.9.1,Producto C,0.395955072
2.8.10,Producto A,0.943231017
2.8.10,Producto B,0.70351532
2.8.10,Producto C,0.532165569
2.8.9,Producto A,0.081155095
2.8.9,Producto B,0.5525962
2.8.9,Producto C,0.517294857
2.8.8,Producto A,0.184945789
2.8.8,Producto B,0.87030372
2.8.8,Producto C,0.351770885
2.8.7,Producto A,0.942110577
2.8.7,Producto B,0.452063109
2.8.7,Producto C,0.969242056
2.8.6,Producto A,0.42230468
2.8.6,Producto B,0.258340318
2.8.6,Producto C,0.713087768
2.8.5,Producto A,0.516285629
2.8.5,Producto B,0.426088414
2.8.5,Producto C,0.689862467
2.8.4,Producto A,0.9134352
2.8.4,Producto B,0.959535295
2.8.4,Producto C,0.37414103
2.8.3,Producto A,0.081880627
2.8.3,Producto B,0.724550737
2.8.3,Producto C,0.417990082
2.8.2,Producto A,0.711117458
2.8.2,Producto B,0.676356668
2.8.2,Producto C,0.754046931
2.8.1,Producto A,0.168842718
2.8.1,Producto B,0.069176653
2.8.1,Producto C,0.130588282
2.7.10,Producto A,0.052287909
2.7.10,Producto B,0.553149283
2.7.10,Producto C,0.694544054
2.7.9,Producto A,0.196020802
2.7.9,Producto B,0.580921855
2.7.9,Producto C,0.094174989
2.7.8,Producto A,0.998930994
2.7.8,Producto B,0.241087497
2.7.8,Producto C,0.243847833
2.7.7,Producto A,0.505239941
2.7.7,Producto B,0.607312057
2.7.7,Producto C,0.927666237
2.7.6,Producto A,0.261319827
2.7.6,Producto B,0.024823935
2.7.6,Producto C,0.627438717
2.7.5,Producto A,0.794217697
2.7.5,Producto B,0.378578732
2.7.5,Producto C,0.965640844
2.7.4,Producto A,0.843795775
2.7.4,Producto B,0.921807736
2.7.4,Producto C,0.730127231
2.7.3,Producto A,0.012684602
2.7.3,Producto B,0.949006321
2.7.3,Producto C,0.014885292
2.7.2,Producto A,0.969289332
2.7.2,Producto B,0.82365894
2.7.2,Producto C,0.841948954
2.7.1,Producto A,0.979225577
2.7.1,Producto B,0.655541721
2.7.1,Producto C,0.568696022
2.6.10,Producto A,0.104557488
2.6.10,Producto B,0.595456779
2.6.10,Producto C,0.658379171
2.6.9,Producto A,0.032956053
2.6.9,Producto B,0.739157251
2.6.9,Producto C,0.390040588
2.6.8,Producto A,0.636228176
2.6.8,Producto B,0.848253709
2.6.8,Producto C,0.057021312
2.6.7,Producto A,0.338688913
2.6.7,Producto B,0.674300348
2.6.7,Producto C,0.590151234
2.6.6,Producto A,0.437237898
2.6.6,Producto B,0.19362898
2.6.6,Producto C,0.607489469
2.6.5,Producto A,0.891302507
2.6.5,Producto B,0.036365455
2.6.5,Producto C,0.581042079
2.6.4,Producto A,0.689635349
2.6.4,Producto B,0.122946985
2.6.4,Producto C,0.784541031
2.6.3,Producto A,0.087913265
2.6.3,Producto B,0.219816663
2.6.3,Producto C,0.025440922
2.6.2,Producto A,0.719246559
2.6.2,Producto B,0.668750756
2.6.2,Producto C,0.680673506
2.6.1,Producto A,0.14163035
2.6.1,Producto B,0.01427962
2.6.1,Producto C,0.082955876
2.5.10,Producto A,0.562743068
2.5.10,Producto B,0.419985922
2.5.10,Producto C,0.286920842
2.5.9,Producto A,0.26147975
2.5.9,Producto B,0.298334261
2.5.9,Producto C,0.641934712
2.5.8,Producto A,0.677222014
2.5.8,Producto B,0.334228958
2.5.8,Producto C,0.394742627
2.5.7,Producto A,0.276683103
2.5.7,Producto B,0.686233754
2.5.7,Producto C,0.805711535
2.5.6,Producto A,0.909586744
2.5.6,Producto B,0.716384702
2.5.6,Producto C,0.932206908
2.5.5,Producto A,0.439942857
2.5.5,Producto B,0.172432473
2.5.5,Producto C,0.085673569
2.5.4,Producto A,0.447241715
2.5.4,Producto B,0.058479737
2.5.4,Producto C,0.344275008
2.5.3,Producto A,0.347824646
2.5.3,Producto B,0.282534564
2.5.3,Producto C,0.022286985
2.5.2,Producto A,0.730356887
2.5.2,Producto B,0.079449592
2.5.2,Producto C,0.501470366
2.5.1,Producto A,0.381915418
2.5.1,Producto B,0.646984753
2.5.1,Producto C,0.539923854
2.4.10,Producto A,0.064577754
2.4.10,Producto B,0.773357167
2.4.10,Producto C,0.692002174
2.4.9,Producto A,0.197102481
2.4.9,Producto B,0.905097179
2.4.9,Producto C,0.106986125
2.4.8,Producto A,0.285005693
2.4.8,Producto B,0.712227329
2.4.8,Producto C,0.680750863
2.4.7,Producto A,0.952330916
2.4.7,Producto B,0.989469512
2.4.7,Producto C,0.97325441
2.4.6,Producto A,0.880769789
2.4.6,Producto B,0.56955498
2.4.6,Producto C,0.508524993
2.4.5,Producto A,0.554243413
2.4.5,Producto B,0.96504283
2.4.5,Producto C,0.091082485
2.4.4,Producto A,0.497986425
2.4.4,Producto B,0.886581995
2.4.4,Producto C,0.805721397
2.4.3,Producto A,0.303203921
2.4.3,Producto B,0.761085465
2.4.3,Producto C,0.66419081
2.4.2,Producto A,0.692844913
2.4.2,Producto B,0.477479558
2.4.2,Producto C,0.530099743
2.4.1,Producto A,0.359379334
2.4.1,Producto B,0.62023523
2.4.1,Producto C,0.304931586
2.3.10,Producto A,0.046836556
2.3.10,Producto B,0.539722985
2.3.10,Producto C,0.288198646
2.3.9,Producto A,0.038348165
2.3.9,Producto B,0.649191028
2.3.9,Producto C,0.736863013
2.3.8,Producto A,0.146589469
2.3.8,Producto B,0.034172838
2.3.8,Producto C,0.729870948
2.3.7,Producto A,0.830933718
2.3.7,Producto B,0.507062617
2.3.7,Producto C,0.132335282
2.3.6,Producto A,0.541573785
2.3.6,Producto B,0.837121287
2.3.6,Producto C,0.939420083
2.3.5,Producto A,0.440814438
2.3.5,Producto B,0.644085832
2.3.5,Producto C,0.497013544
2.3.4,Producto A,0.88764822
2.3.4,Producto B,0.225130067
2.3.4,Producto C,0.358735099
2.3.3,Producto A,0.871839023
2.3.3,Producto B,0.433474474
2.3.3,Producto C,0.521669575
2.3.2,Producto A,0.51657929
2.3.2,Producto B,0.128120464
2.3.2,Producto C,0.328411192
2.3.1,Producto A,0.005018959
2.3.1,Producto B,0.275147222
2.3.1,Producto C,0.260687046
2.2.10,Producto A,0.869129259
2.2.10,Producto B,0.833958489
2.2.10,Producto C,0.31022801
2.2.9,Producto A,0.457944431
2.2.9,Producto B,0.279934191
2.2.9,Producto C,0.399690158
2.2.8,Producto A,0.759129245
2.2.8,Producto B,0.631956759
2.2.8,Producto C,0.17959526
2.2.7,Producto A,0.273689622
2.2.7,Producto B,0.947134367
2.2.7,Producto C,0.66038697
2.2.6,Producto A,0.684983071
2.2.6,Producto B,0.851175934
2.2.6,Producto C,0.609347121
2.2.5,Producto A,0.601821577
2.2.5,Producto B,0.430152957
2.2.5,Producto C,0.353754206
2.2.4,Producto A,0.850798859
2.2.4,Producto B,0.677486441
2.2.4,Producto C,0.54849772
2.2.3,Producto A,0.120607721
2.2.3,Producto B,0.352109385
2.2.3,Producto C,0.142094765
2.2.2,Producto A,0.179214679
2.2.2,Producto B,0.503038952
2.2.2,Producto C,0.482286308
2.2.1,Producto A,0.528430693
2.2.1,Producto B,0.950436994
2.2.1,Producto C,0.53545491
2.1.10,Producto A,0.559511549
2.1.10,Producto B,0.822648936
2.1.10,Producto C,0.135171181
2.1.9,Producto A,0.359513156
2.1.9,Producto B,0.321823949
2.1.9,Producto C,0.184098213
2.1.8,Producto A,0.979222465
2.1.8,Producto B,0.469280223
2.1.8,Producto C,0.741221092
2.1.7,Producto A,0.310166858
2.1.7,Producto B,0.666685255
2.1.7,Producto C,0.407372133
2.1.6,Producto A,0.902798909
2.1.6,Producto B,0.672216028
2.1.6,Producto C,0.983952981
2.1.5,Producto A,0.327135269
2.1.5,Producto B,0.855573443
2.1.5,Producto C,0.625147591
2.1.4,Producto A,0.569932391
2.1.4,Producto B,0.160178507
2.1.4,Producto C,0.198730114
2.1.3,Producto A,0.072603591
2.1.3,Producto B,0.577825336
2.1.3,Producto C,0.06044392
2.1.2,Producto A,0.563447516
2.1.2,Producto B,0.884163746
2.1.2,Producto C,0.822584291
2.1.1,Producto A,0.055695235
2.1.1,Producto B,0.739610993
2.1.1,Producto C,0.996138261
1.10.10,Producto A,0.015682899
1.10.10,Producto B,0.887356665
1.10.10,Producto C,0.687194804
1.10.9,Producto A,0.770593844
1.10.9,Producto B,0.855400004
1.10.9,Producto C,0.381921958
1.10.8,Producto A,0.533418738
1.10.8,Producto B,0.462952985
1.10.8,Producto C,0.948973413
1.10.7,Producto A,0.24984477
1.10.7,Producto B,0.870040861
1.10.7,Producto C,0.945129122
1.10.6,Producto A,0.754479178
1.10.6,Producto B,7.19392E-05
1.10.6,Producto C,0.551282501
1.10.5,Producto A,0.149349959
1.10.5,Producto B,0.043755858
1.10.5,Producto C,0.923475428
1.10.4,Producto A,0.058829422
1.10.4,Producto B,0.720182815
1.10.4,Producto C,0.096776726
1.10.3,Producto A,0.771709295
1.10.3,Producto B,0.482835446
1.10.3,Producto C,0.905021848
1.10.2,Producto A,0.180421442
1.10.2,Producto B,0.258396377
1.10.2,Producto C,0.531812386
1.10.1,Producto A,0.931689944
1.10.1,Producto B,0.102241908
1.10.1,Producto C,0.903863698
1.9.10,Producto A,0.953790588
1.9.10,Producto B,0.994156706
1.9.10,Producto C,0.908791869
1.9.9,Producto A,0.545027947
1.9.9,Producto B,0.493437629
1.9.9,Producto C,0.306099819
1.9.8,Producto A,0.850567896
1.9.8,Producto B,0.216151756
1.9.8,Producto C,0.525732212
1.9.7,Producto A,0.380331422
1.9.7,Producto B,0.84621993
1.9.7,Producto C,0.717042193
1.9.6,Producto A,0.151771463
1.9.6,Producto B,0.801662849
1.9.6,Producto C,0.821498631
1.9.5,Producto A,0.137905726
1.9.5,Producto B,0.138943122
1.9.5,Producto C,0.086820263
1.9.4,Producto A,0.876883679
1.9.4,Producto B,0.124117794
1.9.4,Producto C,0.41574522
1.9.3,Producto A,0.136840359
1.9.3,Producto B,0.318895875
1.9.3,Producto C,0.944859346
1.9.2,Producto A,0.77455706
1.9.2,Producto B,0.773303239
1.9.2,Producto C,0.558606556
1.9.1,Producto A,0.692548439
1.9.1,Producto B,0.054166472
1.9.1,Producto C,0.539721263
1.8.10,Producto A,0.374074464
1.8.10,Producto B,0.01405459
1.8.10,Producto C,0.509247674
1.8.9,Producto A,0.110711675
1.8.9,Producto B,0.411695095
1.8.9,Producto C,0.597230197
1.8.8,Producto A,0.749897705
1.8.8,Producto B,0.440880096
1.8.8,Producto C,0.200670481
1.8.7,Producto A,0.904177104
1.8.7,Producto B,0.979127799
1.8.7,Producto C,0.193001664
1.8.6,Producto A,0.897908602
1.8.6,Producto B,0.068181019
1.8.6,Producto C,0.708728697
1.8.5,Producto A,0.998951348
1.8.5,Producto B,0.767148516
1.8.5,Producto C,0.747560172
1.8.4,Producto A,0.385131616
1.8.4,Producto B,0.74760925
1.8.4,Producto C,0.549216856
1.8.3,Producto A,0.780596676
1.8.3,Producto B,0.162443272
1.8.3,Producto C,0.670109956
1.8.2,Producto A,0.299368118
1.8.2,Producto B,0.211118944
1.8.2,Producto C,0.613859181
1.8.1,Producto A,0.900926789
1.8.1,Producto B,0.962554643
1.8.1,Producto C,0.600969531
1.7.10,Producto A,0.292775827
1.7.10,Producto B,0.933683661
1.7.10,Producto C,0.312080387
1.7.9,Producto A,0.943146433
1.7.9,Producto B,0.328933172
1.7.9,Producto C,0.440861547
1.7.8,Producto A,0.994168975
1.7.8,Producto B,0.01974814
1.7.8,Producto C,0.803580314
1.7.7,Producto A,0.68991578
1.7.7,Producto B,0.109736862
1.7.7,Producto C,0.774979434
1.7.6,Producto A,0.273031479
1.7.6,Producto B,0.147846459
1.7.6,Producto C,0.703104327
1.7.5,Producto A,0.536829766
1.7.5,Producto B,0.404545363
1.7.5,Producto C,0.235654314
1.7.4,Producto A,0.961878556
1.7.4,Producto B,0.464849996
1.7.4,Producto C,0.681069174
1.7.3,Producto A,0.958430026
1.7.3,Producto B,0.751939627
1.7.3,Producto C,0.63981252
1.7.2,Producto A,0.535985343
1.7.2,Producto B,0.084877272
1.7.2,Producto C,0.151095743
1.7.1,Producto A,0.093108616
1.7.1,Producto B,0.232564916
1.7.1,Producto C,0.635055152
1.6.10,Producto A,0.634821824
1.6.10,Producto B,0.342852976
1.6.10,Producto C,0.787708488
1.6.9,Producto A,0.127486795
1.6.9,Producto B,0.823871963
1.6.9,Producto C,0.28998203
1.6.8,Producto A,0.999423788
1.6.8,Producto B,0.563318643
1.6.8,Producto C,0.602183059
1.6.7,Producto A,0.043072593
1.6.7,Producto B,0.460459826
1.6.7,Producto C,0.690798417
1.6.6,Producto A,0.922697871
1.6.6,Producto B,0.311135368
1.6.6,Producto C,0.703532903
1.6.5,Producto A,0.094849085
1.6.5,Producto B,0.320070867
1.6.5,Producto C,0.930913852
1.6.4,Producto A,0.838534864
1.6.4,Producto B,0.599038172
1.6.4,Producto C,0.117800997
1.6.3,Producto A,0.819510542
1.6.3,Producto B,0.758028218
1.6.3,Producto C,0.090896892
1.6.2,Producto A,0.777689597
1.6.2,Producto B,0.714708891
1.6.2,Producto C,0.483220591
1.6.1,Producto A,0.4199856
1.6.1,Producto B,0.712116992
1.6.1,Producto C,0.031865481
1.5.10,Producto A,0.973450256
1.5.10,Producto B,0.035371266
1.5.10,Producto C,0.478688375
1.5.9,Producto A,0.703298739
1.5.9,Producto B,0.221570541
1.5.9,Producto C,0.266353759
1.5.8,Producto A,0.14933991
1.5.8,Producto B,0.363969059
1.5.8,Producto C,0.363146688
1.5.7,Producto A,0.494990246
1.5.7,Producto B,0.547276661
1.5.7,Producto C,0.157461495
1.5.6,Producto A,0.860635207
1.5.6,Producto B,0.351002985
1.5.6,Producto C,0.901478639
1.5.5,Producto A,0.627548053
1.5.5,Producto B,0.195900369
1.5.5,Producto C,0.127950358
1.5.4,Producto A,0.904468925
1.5.4,Producto B,0.740916342
1.5.4,Producto C,0.32946075
1.5.3,Producto A,0.76497074
1.5.3,Producto B,0.247886999
1.5.3,Producto C,0.778770876
1.5.2,Producto A,0.341480383
1.5.2,Producto B,0.042024251
1.5.2,Producto C,0.369533373
1.5.1,Producto A,0.199144921
1.5.1,Producto B,0.459936496
1.5.1,Producto C,0.841333516
1.4.10,Producto A,0.67149356
1.4.10,Producto B,0.039227163
1.4.10,Producto C,0.423116026
1.4.9,Producto A,0.466828752
1.4.9,Producto B,0.592017949
1.4.9,Producto C,0.818009991
1.4.8,Producto A,0.964767774
1.4.8,Producto B,0.257830202
1.4.8,Producto C,0.043951862
1.4.7,Producto A,0.211624677
1.4.7,Producto B,0.121710615
1.4.7,Producto C,0.240422696
1.4.6,Producto A,0.238993452
1.4.6,Producto B,0.941922413
1.4.6,Producto C,0.666021838
1.4.5,Producto A,0.19273577
1.4.5,Producto B,0.019140261
1.4.5,Producto C,0.845874807
1.4.4,Producto A,0.923941068
1.4.4,Producto B,0.024830226
1.4.4,Producto C,0.232657353
1.4.3,Producto A,0.682883082
1.4.3,Producto B,0.659230087
1.4.3,Producto C,0.67578038
1.4.2,Producto A,0.572972476
1.4.2,Producto B,0.699790186
1.4.2,Producto C,0.810910552
1.4.1,Producto A,0.270327014
1.4.1,Producto B,0.375298839
1.4.1,Producto C,0.943759294
1.3.10,Producto A,0.251147655
1.3.10,Producto B,0.99987469
1.3.10,Producto C,0.87452283
1.3.9,Producto A,0.115993572
1.3.9,Producto B,0.4227501
1.3.9,Producto C,0.742630049
1.3.8,Producto A,0.039376427
1.3.8,Producto B,0.098765327
1.3.8,Producto C,0.791459481
1.3.7,Producto A,0.07642551
1.3.7,Producto B,0.719959444
1.3.7,Producto C,0.242040623
1.3.6,Producto A,0.391699241
1.3.6,Producto B,0.574124176
1.3.6,Producto C,0.468488668
1.3.5,Producto A,0.969234802
1.3.5,Producto B,0.643223947
1.3.5,Producto C,0.136158771
1.3.4,Producto A,0.964485953
1.3.4,Producto B,0.330955238
1.3.4,Producto C,0.728912538
1.3.3,Producto A,0.435917681
1.3.3,Producto B,0.425010654
1.3.3,Producto C,0.117663642
1.3.2,Producto A,0.218582693
1.3.2,Producto B,0.280323018
1.3.2,Producto C,0.93483748
1.3.1,Producto A,0.087406881
1.3.1,Producto B,0.727972176
1.3.1,Producto C,0.229866276
1.2.10,Producto A,0.32445502
1.2.10,Producto B,0.533191146
1.2.10,Producto C,0.746286924
1.2.9,Producto A,0.164989596
1.2.9,Producto B,0.954512293
1.2.9,Producto C,0.917443684
1.2.8,Producto A,0.526494221
1.2.8,Producto B,0.530834014
1.2.8,Producto C,0.754741349
1.2.7,Producto A,0.33260764
1.2.7,Producto B,0.725937748
1.2.7,Producto C,0.172282787
1.2.6,Producto A,0.748320327
1.2.6,Producto B,0.115207002
1.2.6,Producto C,0.856931289
1.2.5,Producto A,0.289932021
1.2.5,Producto B,0.524358568
1.2.5,Producto C,0.42991771
1.2.4,Producto A,0.414361222
1.2.4,Producto B,0.720819175
1.2.4,Producto C,0.982115099
1.2.3,Producto A,0.406687411
1.2.3,Producto B,0.325701173
1.2.3,Producto C,0.107105001
1.2.2,Producto A,0.316582986
1.2.2,Producto B,0.592651526
1.2.2,Producto C,0.504358982
1.2.1,Producto A,0.72402635
1.2.1,Producto B,0.769505999
1.2.1,Producto C,0.00846024
1.1.10,Producto A,0.10035915
1.1.10,Producto B,0.517847313
1.1.10,Producto C,0.104399502
1.1.9,Producto A,0.721795016
1.1.9,Producto B,0.723143826
1.1.9,Producto C,0.235410696
1.1.8,Producto A,0.338969515
1.1.8,Producto B,0.063364722
1.1.8,Producto C,0.223920247
1.1.7,Producto A,0.689074346
1.1.7,Producto B,0.751806914
1.1.7,Producto C,0.317873771
1.1.6,Producto A,0.029098303
1.1.6,Producto B,0.247144361
1.1.6,Producto C,0.636075308
1.1.5,Producto A,0.947593232
1.1.5,Producto B,0.695629483
1.1.5,Producto C,0.569877276
1.1.4,Producto A,0.157745246
1.1.4,Producto B,0.721292726
1.1.4,Producto C,0.33204616
1.1.3,Producto A,0.595553922
1.1.3,Producto B,0.31935323
1.1.3,Producto C,0.756729939
1.1.2,Producto A,0.414101917
1.1.2,Producto B,0.763038191
1.1.2,Producto C,0.483794496
1.1.1,Producto A,0.273248859
1.1.1,Producto B,0.318576622
1.1.1,Producto C,0.814338924
